
INSERT INTO "sys_prog_category"(sys_prog_category_id,category_name,date_created,date_updated) VALUES('A','見積処理',current_timestamp,current_timestamp);
INSERT INTO "sys_prog_category"(sys_prog_category_id,category_name,date_created,date_updated) VALUES('B','売上日次',current_timestamp,current_timestamp);
INSERT INTO "sys_prog_category"(sys_prog_category_id,category_name,date_created,date_updated) VALUES('C','売上月次',current_timestamp,current_timestamp);
INSERT INTO "sys_prog_category"(sys_prog_category_id,category_name,date_created,date_updated) VALUES('D','入金・売掛管理',current_timestamp,current_timestamp);
INSERT INTO "sys_prog_category"(sys_prog_category_id,category_name,date_created,date_updated) VALUES('E','発注処理',current_timestamp,current_timestamp);
INSERT INTO "sys_prog_category"(sys_prog_category_id,category_name,date_created,date_updated) VALUES('F','仕入日次',current_timestamp,current_timestamp);
INSERT INTO "sys_prog_category"(sys_prog_category_id,category_name,date_created,date_updated) VALUES('G','仕入月次',current_timestamp,current_timestamp);
INSERT INTO "sys_prog_category"(sys_prog_category_id,category_name,date_created,date_updated) VALUES('H','支払・買掛管理',current_timestamp,current_timestamp);
INSERT INTO "sys_prog_category"(sys_prog_category_id,category_name,date_created,date_updated) VALUES('I','在庫管理',current_timestamp,current_timestamp);
INSERT INTO "sys_prog_category"(sys_prog_category_id,category_name,date_created,date_updated) VALUES('J','メンテナンス処理',current_timestamp,current_timestamp);
INSERT INTO "sys_prog_category"(sys_prog_category_id,category_name,date_created,date_updated) VALUES('K','導入設定',current_timestamp,current_timestamp);
INSERT INTO "sys_prog_category"(sys_prog_category_id,category_name,date_created,date_updated) VALUES('L','随時処理',current_timestamp,current_timestamp);

-- INSERT INTO "sys_prog"(sys_prog_id,sys_prog_category_id,menu_sequence,program_name,program_text,date_created,date_updated) VALUES('AQOT01','A',1,'constructionproperty','物件一覧',current_timestamp,current_timestamp);
-- INSERT INTO "sys_prog"(sys_prog_id,sys_prog_category_id,menu_sequence,program_name,program_text,date_created,date_updated) VALUES('AQOT02','A',2,'estimates','物件登録',current_timestamp,current_timestamp);
INSERT INTO "sys_prog"(sys_prog_id,sys_prog_category_id,menu_sequence,program_name,program_text,date_created,date_updated) VALUES('AQUO01','A',1,'property','物件一覧・入力',current_timestamp,current_timestamp);
INSERT INTO "sys_prog"(sys_prog_id,sys_prog_category_id,menu_sequence,program_name,program_text,date_created,date_updated) VALUES('AQOT03','A',3,'quotation','見積伝票入力（一覧）',current_timestamp,current_timestamp);
INSERT INTO "sys_prog"(sys_prog_id,sys_prog_category_id,menu_sequence,program_name,program_text,date_created,date_updated) VALUES('AQOT04','A',4,'quotation/input','見積伝票入力',current_timestamp,current_timestamp);
-- INSERT INTO "sys_prog"(sys_prog_id,sys_prog_category_id,menu_sequence,program_name,program_text,date_created,date_updated) VALUES('AQOT05','A',5,'lineitem','見積明細一覧',current_timestamp,current_timestamp);
-- INSERT INTO "sys_prog"(sys_prog_id,sys_prog_category_id,menu_sequence,program_name,program_text,date_created,date_updated) VALUES('AQOT06','A',6,'voucher','見積伝票一覧',current_timestamp,current_timestamp);
-- INSERT INTO "sys_prog"(sys_prog_id,sys_prog_category_id,menu_sequence,program_name,program_text,date_created,date_updated) VALUES('AQOT07','A',7,'purchase','売上仕入一覧',current_timestamp,current_timestamp);
-- INSERT INTO "sys_prog"(sys_prog_id,sys_prog_category_id,menu_sequence,program_name,program_text,date_created,date_updated) VALUES('AQOT08','A',8,'estimatesales','見積別売上仕入対比表',current_timestamp,current_timestamp);
-- INSERT INTO "sys_prog"(sys_prog_id,sys_prog_category_id,menu_sequence,program_name,program_text,date_created,date_updated) VALUES('AQOT09','A',9,'procurement','売上仕入比較一覧',current_timestamp,current_timestamp);
-- INSERT INTO "sys_prog"(sys_prog_id,sys_prog_category_id,menu_sequence,program_name,program_text,date_created,date_updated) VALUES('AQOT010','A',10,'estimateoutput','見積書出力',current_timestamp,current_timestamp);
-- INSERT INTO "sys_prog"(sys_prog_id,sys_prog_category_id,menu_sequence,program_name,program_text,date_created,date_updated) VALUES('AQOT011','A',11,'monthlyprocurement','売上仕入比較一覧（月別）',current_timestamp,current_timestamp);
-- INSERT INTO "sys_prog"(sys_prog_id,sys_prog_category_id,menu_sequence,program_name,program_text,date_created,date_updated) VALUES('AQOT012','A',12,'404','見積伝票合成',current_timestamp,current_timestamp);
INSERT INTO "sys_prog"(sys_prog_id,sys_prog_category_id,menu_sequence,program_name,program_text,date_created,date_updated) VALUES('JMST01','J',1,'department','拠点・部門マスタメンテナンス',current_timestamp,current_timestamp);
INSERT INTO "sys_prog"(sys_prog_id,sys_prog_category_id,menu_sequence,program_name,program_text,date_created,date_updated) VALUES('JMST02','J',2,'officer','担当者マスタメンテナンス',current_timestamp,current_timestamp);
INSERT INTO "sys_prog"(sys_prog_id,sys_prog_category_id,menu_sequence,program_name,program_text,date_created,date_updated) VALUES('JMST03','J',3,'customer','得意先マスタメンテナンス',current_timestamp,current_timestamp);
INSERT INTO "sys_prog"(sys_prog_id,sys_prog_category_id,menu_sequence,program_name,program_text,date_created,date_updated) VALUES('JMST04','J',4,'customer/branch','得意先拠点マスタメンテナンス',current_timestamp,current_timestamp);
INSERT INTO "sys_prog"(sys_prog_id,sys_prog_category_id,menu_sequence,program_name,program_text,date_created,date_updated) VALUES('JMST05','J',5,'customer/bill','請求先マスタメンテナンス',current_timestamp,current_timestamp);
INSERT INTO "sys_prog"(sys_prog_id,sys_prog_category_id,menu_sequence,program_name,program_text,date_created,date_updated) VALUES('JMST06','J',6,'destination','納入先マスタメンテナンス',current_timestamp,current_timestamp);
INSERT INTO "sys_prog"(sys_prog_id,sys_prog_category_id,menu_sequence,program_name,program_text,date_created,date_updated) VALUES('JMST07','J',7,'product','商品マスタメンテナンス',current_timestamp,current_timestamp);
INSERT INTO "sys_prog"(sys_prog_id,sys_prog_category_id,menu_sequence,program_name,program_text,date_created,date_updated) VALUES('JMST10','J',10,'product/classification','商品分類マスタメンテナンス',current_timestamp,current_timestamp);
INSERT INTO "sys_prog"(sys_prog_id,sys_prog_category_id,menu_sequence,program_name,program_text,date_created,date_updated) VALUES('JMST12','J',12,'unit','単位マスタメンテナンス',current_timestamp,current_timestamp);
INSERT INTO "sys_prog"(sys_prog_id,sys_prog_category_id,menu_sequence,program_name,program_text,date_created,date_updated) VALUES('JMST14','J',14,'warehouse','倉庫マスタメンテナンス',current_timestamp,current_timestamp);
INSERT INTO "sys_prog"(sys_prog_id,sys_prog_category_id,menu_sequence,program_name,program_text,date_created,date_updated) VALUES('JMST15','J',15,'bank','銀行マスタメンテナンス',current_timestamp,current_timestamp);
INSERT INTO "sys_prog"(sys_prog_id,sys_prog_category_id,menu_sequence,program_name,program_text,date_created,date_updated) VALUES('JMST18','J',18,'manufacturer','メーカーマスタメンテナンス',current_timestamp,current_timestamp);
INSERT INTO "sys_prog"(sys_prog_id,sys_prog_category_id,menu_sequence,program_name,program_text,date_created,date_updated) VALUES('JMST19','J',19,'product/capture','商品マスタ取込',current_timestamp,current_timestamp);
-- INSERT INTO "sys_prog"(sys_prog_id,sys_prog_category_id,menu_sequence,program_name,program_text,date_created,date_updated) VALUES('JMST09','J',9,'unitprice','単価マスタメンテナンス',current_timestamp,current_timestamp);
-- INSERT INTO "sys_prog"(sys_prog_id,sys_prog_category_id,menu_sequence,program_name,program_text,date_created,date_updated) VALUES('JMST12','J',12,'postalcode','郵便番号マスタメンテナンス',current_timestamp,current_timestamp);
-- INSERT INTO "sys_prog"(sys_prog_id,sys_prog_category_id,menu_sequence,program_name,program_text,date_created,date_updated) VALUES('JMST13','J',13,'personelbudget','担当者予算設定',current_timestamp,current_timestamp);
-- INSERT INTO "sys_prog"(sys_prog_id,sys_prog_category_id,menu_sequence,program_name,program_text,date_created,date_updated) VALUES('JMST14','J',14,'madakimanai','得意先予担当者予算設定算設定',current_timestamp,current_timestamp);
-- INSERT INTO "sys_prog"(sys_prog_id,sys_prog_category_id,menu_sequence,program_name,program_text,date_created,date_updated) VALUES('JMST16','J',16,'product/capture','商品マスタ取込',current_timestamp,current_timestamp);
-- INSERT INTO "sys_prog"(sys_prog_id,sys_prog_category_id,menu_sequence,program_name,program_text,date_created,date_updated) VALUES('JMST17','J',17,'ratioclassification','掛率分類マスタメンテナンス',current_timestamp,current_timestamp);

INSERT INTO "sys_prog"(sys_prog_id,sys_prog_category_id,menu_sequence,program_name,program_text,date_created,date_updated) VALUES('KSET02','K',2,'company','自社口座マスタメンテナンス',current_timestamp,current_timestamp);
INSERT INTO "sys_prog"(sys_prog_id,sys_prog_category_id,menu_sequence,program_name,program_text,date_created,date_updated) VALUES('KSET03','K',3,'course','科目マスタメンテナンス',current_timestamp,current_timestamp);
INSERT INTO "sys_prog"(sys_prog_id,sys_prog_category_id,menu_sequence,program_name,program_text,date_created,date_updated) VALUES('KSET04','K',4,'general','汎用マスタメンテナンス',current_timestamp,current_timestamp);
INSERT INTO "sys_prog"(sys_prog_id,sys_prog_category_id,menu_sequence,program_name,program_text,date_created,date_updated) VALUES('KSET07','K',7,'role/button','コマンド実行権限マスタメンテ',current_timestamp,current_timestamp);
INSERT INTO "sys_prog"(sys_prog_id,sys_prog_category_id,menu_sequence,program_name,program_text,date_created,date_updated) VALUES('KSET08','K',8,'role/program','メニュー実行権限マスタメンテ',current_timestamp,current_timestamp);
INSERT INTO "sys_prog"(sys_prog_id,sys_prog_category_id,menu_sequence,program_name,program_text,date_created,date_updated) VALUES('LANY01','L',1,'log/execution','実行ログ照会',current_timestamp,current_timestamp);
INSERT INTO "sys_prog"(sys_prog_id,sys_prog_category_id,menu_sequence,program_name,program_text,date_created,date_updated) VALUES('EPOR01','E',1,'order/input','発注伝票入力',current_timestamp,current_timestamp);
INSERT INTO "sys_prog"(sys_prog_id,sys_prog_category_id,menu_sequence,program_name,program_text,date_created,date_updated) VALUES('EPOR02','E',2,'order/list','発注伝票一覧',current_timestamp,current_timestamp);
INSERT INTO "sys_prog"(sys_prog_id,sys_prog_category_id,menu_sequence,program_name,program_text,date_created,date_updated) VALUES('BSLD01','B',1,'sales/input','売上伝票入力',current_timestamp,current_timestamp);
INSERT INTO "sys_prog"(sys_prog_id,sys_prog_category_id,menu_sequence,program_name,program_text,date_created,date_updated) VALUES('BSLD02','B',2,'sales/list','売上伝票一覧',current_timestamp,current_timestamp);
-- INSERT INTO "sys_prog"(sys_prog_id,sys_prog_category_id,menu_sequence,program_name,program_text,date_created,date_updated) VALUES('BSLD01','B',1,'log/execution','売上伝票一覧',current_timestamp,current_timestamp);
INSERT INTO "sys_prog"(sys_prog_id,program_name,date_created,date_updated) VALUES('LOGIN','login',current_timestamp,current_timestamp);

INSERT INTO "mst_u_user"(mst_u_user_code,mst_u_username,username_kana,password,date_created,created_by,created_at,date_updated,updated_by,updated_at) VALUES('100','fujiko','佐藤 義則','$2a$11$QIcbPupGXdX13.XVrlPhFulFftJgk/mUuod6reJk9I4gCvOlvj0X6',current_timestamp,1,'AQOT03',current_timestamp,1,'AQOT03');
INSERT INTO "mst_u_user"(mst_u_user_code,mst_u_username,username_kana,password,date_created,created_by,created_at,date_updated,updated_by,updated_at) VALUES('101','佐藤 義則','ｻﾄｳﾖｼﾉﾘ','0101',current_timestamp,2,'AQOT03',current_timestamp,2,'AQOT03');

-- INSERT INTO "mst_role_prog"(mst_role_prog_id,authorized_user_id,date_created,created_by,created_at,date_updated,updated_by,updated_at) VALUES('AQOT01',2,current_timestamp,1,'AQOT01',current_timestamp,1,'AQOT01');
INSERT INTO "mst_role_prog"(mst_role_prog_id,authorized_user_id,date_created,created_by,created_at,date_updated,updated_by,updated_at) VALUES('AQOT03',2,current_timestamp,1,'KSET08',current_timestamp,1,'KSET08');
-- INSERT INTO "mst_role_prog"(mst_role_prog_id,authorized_user_id,date_created,created_by,created_at,date_updated,updated_by,updated_at) VALUES('AQOT06',2,current_timestamp,1,'AQOT01',current_timestamp,1,'AQOT01');
INSERT INTO "mst_role_prog"(mst_role_prog_id,authorized_user_id,date_created,created_by,created_at,date_updated,updated_by,updated_at) VALUES('JMST06',2,current_timestamp,1,'KSET08',current_timestamp,1,'KSET08');
-- INSERT INTO "mst_role_prog"(mst_role_prog_id,authorized_user_id,date_created,created_by,created_at,date_updated,updated_by,updated_at) VALUES('JMST13',2,current_timestamp,1,'AQOT01',current_timestamp,1,'AQOT01');
-- INSERT INTO "mst_role_prog"(mst_role_prog_id,authorized_user_id,date_created,created_by,created_at,date_updated,updated_by,updated_at) VALUES('JMST09',2,current_timestamp,1,'AQOT01',current_timestamp,1,'AQOT01');
INSERT INTO "mst_role_prog"(mst_role_prog_id,authorized_user_id,date_created,created_by,created_at,date_updated,updated_by,updated_at) VALUES('JMST01',2,current_timestamp,1,'KSET08',current_timestamp,1,'KSET08');

-- INSERT INTO "mst_role_prog"(mst_role_prog_id,authorized_user_id,date_created,created_by,created_at,date_updated,updated_by,updated_at) VALUES('AQOT01',1,current_timestamp,2,'AQOT01',current_timestamp,2,'AQOT01');
-- INSERT INTO "mst_role_prog"(mst_role_prog_id,authorized_user_id,date_created,created_by,created_at,date_updated,updated_by,updated_at) VALUES('AQOT02',1,current_timestamp,2,'AQOT01',current_timestamp,2,'AQOT01');
INSERT INTO "mst_role_prog"(mst_role_prog_id,authorized_user_id,date_created,created_by,created_at,date_updated,updated_by,updated_at) VALUES('AQOT03',1,current_timestamp,2,'KSET08',current_timestamp,2,'KSET08');
INSERT INTO "mst_role_prog"(mst_role_prog_id,authorized_user_id,date_created,created_by,created_at,date_updated,updated_by,updated_at) VALUES('AQOT04',1,current_timestamp,2,'KSET08',current_timestamp,2,'KSET08');
-- INSERT INTO "mst_role_prog"(mst_role_prog_id,authorized_user_id,date_created,created_by,created_at,date_updated,updated_by,updated_at) VALUES('AQOT05',1,current_timestamp,2,'AQOT01',current_timestamp,2,'AQOT01');
-- INSERT INTO "mst_role_prog"(mst_role_prog_id,authorized_user_id,date_created,created_by,created_at,date_updated,updated_by,updated_at) VALUES('AQOT06',1,current_timestamp,2,'AQOT01',current_timestamp,2,'AQOT01');
INSERT INTO "mst_role_prog"(mst_role_prog_id,authorized_user_id,date_created,created_by,created_at,date_updated,updated_by,updated_at) VALUES('JMST01',1,current_timestamp,2,'KSET08',current_timestamp,2,'KSET08');
INSERT INTO "mst_role_prog"(mst_role_prog_id,authorized_user_id,date_created,created_by,created_at,date_updated,updated_by,updated_at) VALUES('JMST02',1,current_timestamp,2,'KSET08',current_timestamp,2,'KSET08');
INSERT INTO "mst_role_prog"(mst_role_prog_id,authorized_user_id,date_created,created_by,created_at,date_updated,updated_by,updated_at) VALUES('JMST03',1,current_timestamp,2,'KSET08',current_timestamp,2,'KSET08');
INSERT INTO "mst_role_prog"(mst_role_prog_id,authorized_user_id,date_created,created_by,created_at,date_updated,updated_by,updated_at) VALUES('JMST04',1,current_timestamp,2,'KSET08',current_timestamp,2,'KSET08');
INSERT INTO "mst_role_prog"(mst_role_prog_id,authorized_user_id,date_created,created_by,created_at,date_updated,updated_by,updated_at) VALUES('JMST05',1,current_timestamp,2,'KSET08',current_timestamp,2,'KSET08');
INSERT INTO "mst_role_prog"(mst_role_prog_id,authorized_user_id,date_created,created_by,created_at,date_updated,updated_by,updated_at) VALUES('JMST06',1,current_timestamp,2,'KSET08',current_timestamp,2,'KSET08');
INSERT INTO "mst_role_prog"(mst_role_prog_id,authorized_user_id,date_created,created_by,created_at,date_updated,updated_by,updated_at) VALUES('JMST07',1,current_timestamp,2,'KSET08',current_timestamp,2,'KSET08');
-- INSERT INTO "mst_role_prog"(mst_role_prog_id,authorized_user_id,date_created,created_by,created_at,date_updated,updated_by,updated_at) VALUES('JMST08',1,current_timestamp,2,'AQOT03',current_timestamp,2,'AQOT03');
-- INSERT INTO "mst_role_prog"(mst_role_prog_id,authorized_user_id,date_created,created_by,created_at,date_updated,updated_by,updated_at) VALUES('JMST09',1,current_timestamp,2,'AQOT01',current_timestamp,2,'AQOT01');
INSERT INTO "mst_role_prog"(mst_role_prog_id,authorized_user_id,date_created,created_by,created_at,date_updated,updated_by,updated_at) VALUES('JMST10',1,current_timestamp,2,'KSET08',current_timestamp,2,'KSET08');
-- INSERT INTO "mst_role_prog"(mst_role_prog_id,authorized_user_id,date_created,created_by,created_at,date_updated,updated_by,updated_at) VALUES('JMST11',1,current_timestamp,2,'AQOT03',current_timestamp,2,'AQOT03');
INSERT INTO "mst_role_prog"(mst_role_prog_id,authorized_user_id,date_created,created_by,created_at,date_updated,updated_by,updated_at) VALUES('JMST12',1,current_timestamp,2,'KSET08',current_timestamp,2,'KSET08');
INSERT INTO "mst_role_prog"(mst_role_prog_id,authorized_user_id,date_created,created_by,created_at,date_updated,updated_by,updated_at) VALUES('JMST19',1,current_timestamp,2,'KSET08',current_timestamp,2,'KSET08');
-- INSERT INTO "mst_role_prog"(mst_role_prog_id,authorized_user_id,date_created,created_by,created_at,date_updated,updated_by,updated_at) VALUES('JMST13',1,current_timestamp,2,'AQOT01',current_timestamp,2,'AQOT01');
INSERT INTO "mst_role_prog"(mst_role_prog_id,authorized_user_id,date_created,created_by,created_at,date_updated,updated_by,updated_at) VALUES('JMST14',1,current_timestamp,2,'KSET08',current_timestamp,2,'KSET08');
INSERT INTO "mst_role_prog"(mst_role_prog_id,authorized_user_id,date_created,created_by,created_at,date_updated,updated_by,updated_at) VALUES('JMST15',1,current_timestamp,2,'KSET08',current_timestamp,2,'KSET08');
INSERT INTO "mst_role_prog"(mst_role_prog_id,authorized_user_id,date_created,created_by,created_at,date_updated,updated_by,updated_at) VALUES('JMST18',1,current_timestamp,2,'KSET08',current_timestamp,2,'KSET08');
INSERT INTO "mst_role_prog"(mst_role_prog_id,authorized_user_id,date_created,created_by,created_at,date_updated,updated_by,updated_at) VALUES('KSET08',1,current_timestamp,2,'KSET08',current_timestamp,2,'KSET08');
INSERT INTO "mst_role_prog"(mst_role_prog_id,authorized_user_id,date_created,created_by,created_at,date_updated,updated_by,updated_at) VALUES('LANY01',1,current_timestamp,2,'KSET08',current_timestamp,2,'KSET08');
INSERT INTO "mst_role_prog"(mst_role_prog_id,authorized_user_id,date_created,created_by,created_at,date_updated,updated_by,updated_at) VALUES('EPOR01',1,current_timestamp,1,'KSET08',current_timestamp,2,'KSET08');
INSERT INTO "mst_role_prog"(mst_role_prog_id,authorized_user_id,date_created,created_by,created_at,date_updated,updated_by,updated_at) VALUES('AQUO01',1,current_timestamp,1,'KSET08',current_timestamp,2,'KSET08');
INSERT INTO "mst_role_prog"(mst_role_prog_id,authorized_user_id,date_created,created_by,created_at,date_updated,updated_by,updated_at) VALUES('KSET07',1,current_timestamp,1,'KSET08',current_timestamp,2,'KSET08');

-- INSERT INTO "mst_role_prog"(mst_role_prog_id,authorized_user_id,date_created,created_by,created_at,date_updated,updated_by,updated_at) VALUES('JMST17',1,current_timestamp,2,'AQOT01',current_timestamp,2,'AQOT01');

INSERT INTO "sys_prog_command"(sys_prog_id,prog_command_name,prog_command_key,prog_command_key_code,command_function,is_permission_needed) VALUES('JMST01','取消','F2',113,'cancelButton',0);
INSERT INTO "sys_prog_command"(sys_prog_id,prog_command_name,prog_command_key,prog_command_key_code,command_function,is_permission_needed) VALUES('JMST01','新規登録','F4',115,'newRegistrationButton',1);
INSERT INTO "sys_prog_command"(sys_prog_id,prog_command_name,prog_command_key,prog_command_key_code,command_function,is_permission_needed) VALUES('JMST01','保存','F4',115,'saveButton',1);
-- INSERT INTO "sys_prog_command"(sys_prog_id,prog_command_name,prog_command_key,prog_command_key_code,command_function,is_permission_needed) VALUES('JMST01','日付','F6',117,'dateButton',1);
INSERT INTO "sys_prog_command"(sys_prog_id,prog_command_name,prog_command_key,prog_command_key_code,command_function,is_permission_needed) VALUES('JMST01','リスト','F8',119,'listButton',1);
INSERT INTO "sys_prog_command"(sys_prog_id,prog_command_name,prog_command_key,prog_command_key_code,command_function,is_permission_needed) VALUES('JMST01','上部門','F9',120,'go1LevelUpButton',0);
INSERT INTO "sys_prog_command"(sys_prog_id,prog_command_name,prog_command_key,prog_command_key_code,command_function,is_permission_needed) VALUES('JMST01','下部門','F10',121,'go1LevelDownButton',0);
INSERT INTO "sys_prog_command"(sys_prog_id,prog_command_name,prog_command_key,prog_command_key_code,command_function,is_permission_needed) VALUES('JMST01','戻る','F12',123,'menuButton',0);

INSERT INTO "sys_prog_command"(sys_prog_id,prog_command_name,prog_command_key,prog_command_key_code,command_function,is_permission_needed) VALUES('JMST19','選択','F5',116,'selectButton',0);
INSERT INTO "sys_prog_command"(sys_prog_id,prog_command_name,prog_command_key,prog_command_key_code,command_function,is_permission_needed) VALUES('JMST19','取込','F9',120,'captureButton',1);
INSERT INTO "sys_prog_command"(sys_prog_id,prog_command_name,prog_command_key,prog_command_key_code,command_function,is_permission_needed) VALUES('JMST19','戻る','F12',123,'menuButton',0);

INSERT INTO "sys_prog_command"(sys_prog_id,prog_command_name,prog_command_key,prog_command_key_code,command_function,is_permission_needed) VALUES('AQOT04','取消','F2',113,'cancelButton',0);
INSERT INTO "sys_prog_command"(sys_prog_id,prog_command_name,prog_command_key,prog_command_key_code,command_function,is_permission_needed) VALUES('AQOT04','出力','F4',115,'inputButton',1);
INSERT INTO "sys_prog_command"(sys_prog_id,prog_command_name,prog_command_key,prog_command_key_code,command_function,is_permission_needed) VALUES('AQOT04','選択','F5',116,'selectButton',1);
INSERT INTO "sys_prog_command"(sys_prog_id,prog_command_name,prog_command_key,prog_command_key_code,command_function,is_permission_needed) VALUES('AQOT04','発注','F6',117,'orderButton',1);
INSERT INTO "sys_prog_command"(sys_prog_id,prog_command_name,prog_command_key,prog_command_key_code,command_function,is_permission_needed) VALUES('AQOT04','仕入','F7',118,'purchaseButton',1);
INSERT INTO "sys_prog_command"(sys_prog_id,prog_command_name,prog_command_key,prog_command_key_code,command_function,is_permission_needed) VALUES('AQOT04','売上','F8',119,'salesButton',1);
INSERT INTO "sys_prog_command"(sys_prog_id,prog_command_name,prog_command_key,prog_command_key_code,command_function,is_permission_needed) VALUES('AQOT04','登録','F9',120,'registerButton',1);
INSERT INTO "sys_prog_command"(sys_prog_id,prog_command_name,prog_command_key,prog_command_key_code,command_function,is_permission_needed) VALUES('AQOT04','伝票削除','F10',121,'deleteSlipButton',1);
INSERT INTO "sys_prog_command"(sys_prog_id,prog_command_name,prog_command_key,prog_command_key_code,command_function,is_permission_needed) VALUES('AQOT04','失注','F11',122,'lossOfOrderButton',1);
INSERT INTO "sys_prog_command"(sys_prog_id,prog_command_name,prog_command_key,prog_command_key_code,command_function,is_permission_needed) VALUES('AQOT04','戻る','F12',123,'returnButton',0);
INSERT INTO "sys_prog_command"(sys_prog_id,prog_command_name,command_function,is_permission_needed) VALUES('AQOT04','請求履歴','billingHistoryButton',1);
INSERT INTO "sys_prog_command"(sys_prog_id,prog_command_name,command_function,is_permission_needed) VALUES('AQOT04','月間','monthlyButton',1);
INSERT INTO "sys_prog_command"(sys_prog_id,prog_command_name,command_function,is_permission_needed) VALUES('AQOT04','関連','referButton',1);
INSERT INTO "sys_prog_command"(sys_prog_id,prog_command_name,command_function,is_permission_needed) VALUES('AQOT04','仕切掛率一気変更','changeDividingRateButton',1);
INSERT INTO "sys_prog_command"(sys_prog_id,prog_command_name,command_function,is_permission_needed) VALUES('AQOT04','仕入掛率一気変更','changeInboundRateButton',1);

-- INSERT INTO "sys_prog_command"(sys_prog_id,prog_command_name,prog_command_key,prog_command_key_code,date_created,created_by,created_at,date_updated,updated_by,updated_at) VALUES('JMST13','test3','F14','123',current_timestamp,1,'AQOT01',current_timestamp,1,'AQOT01');
-- INSERT INTO "sys_prog_command"(sys_prog_id,prog_command_name,prog_command_key,prog_command_key_code,date_created,created_by,created_at,date_updated,updated_by,updated_at) VALUES('JMST09','test4','F15','124',current_timestamp,1,'AQOT01',current_timestamp,1,'AQOT01');

INSERT INTO "mst_role_prog_command"(mst_role_prog_command_id,mst_role_prog_command_progid,authorized_user_id,date_created,created_by,created_at,date_updated,updated_by,updated_at) VALUES(2,'JMST01',1,current_timestamp,1,'KSET07',current_timestamp,1,'KSET07');
INSERT INTO "mst_role_prog_command"(mst_role_prog_command_id,mst_role_prog_command_progid,authorized_user_id,date_created,created_by,created_at,date_updated,updated_by,updated_at) VALUES(3,'JMST01',1,current_timestamp,1,'KSET07',current_timestamp,1,'KSET07');
INSERT INTO "mst_role_prog_command"(mst_role_prog_command_id,mst_role_prog_command_progid,authorized_user_id,date_created,created_by,created_at,date_updated,updated_by,updated_at) VALUES(4,'JMST01',1,current_timestamp,1,'KSET07',current_timestamp,1,'KSET07');
INSERT INTO "mst_role_prog_command"(mst_role_prog_command_id,mst_role_prog_command_progid,authorized_user_id,date_created,created_by,created_at,date_updated,updated_by,updated_at) VALUES(5,'JMST01',1,current_timestamp,1,'KSET07',current_timestamp,1,'KSET07');
INSERT INTO "mst_role_prog_command"(mst_role_prog_command_id,mst_role_prog_command_progid,authorized_user_id,date_created,created_by,created_at,date_updated,updated_by,updated_at) VALUES(10,'JMST19',1,current_timestamp,1,'KSET07',current_timestamp,1,'KSET07');

INSERT INTO "mst_mymenu"(mst_mymenu_prog_id,authorized_user_id,menu_sequence,date_created,created_by,created_at,date_updated,updated_by,updated_at) VALUES('JMST10',1,1,current_timestamp,1,'AQOT03',current_timestamp,1,'AQOT03');
INSERT INTO "mst_mymenu"(mst_mymenu_prog_id,authorized_user_id,menu_sequence,date_created,created_by,created_at,date_updated,updated_by,updated_at) VALUES('JMST11',1,4,current_timestamp,1,'AQOT03',current_timestamp,1,'AQOT03');
-- INSERT INTO "mst_mymenu"(mst_mymenu_prog_id,authorized_user_id,menu_sequence,date_created,created_by,created_at,date_updated,updated_by,updated_at) VALUES('JMST17',1,7,current_timestamp,1,'AQOT01',current_timestamp,1,'AQOT01');
INSERT INTO "mst_mymenu"(mst_mymenu_prog_id,authorized_user_id,menu_sequence,date_created,created_by,created_at,date_updated,updated_by,updated_at) VALUES('JMST08',1,12,current_timestamp,1,'AQOT03',current_timestamp,1,'AQOT03');

INSERT INTO "mst_warehouse"(whs_cd,whs_name,is_end,date_created,created_by,created_at,date_updated,updated_by,updated_at) VALUES('1024','warehouse1',0,current_timestamp,2,'AQOT03',current_timestamp,2,'AQOT03');
INSERT INTO "mst_warehouse"(whs_cd,whs_name,is_end,date_created,created_by,created_at,date_updated,updated_by,updated_at) VALUES('1025','warehouse2',0,current_timestamp,2,'AQOT03',current_timestamp,2,'AQOT03');
INSERT INTO "mst_warehouse"(whs_cd,whs_name,is_end,date_created,created_by,created_at,date_updated,updated_by,updated_at) VALUES('1026','warehouse3',0,current_timestamp,2,'AQOT03',current_timestamp,2,'AQOT03');
INSERT INTO "mst_warehouse"(whs_cd,whs_name,is_end,date_created,created_by,created_at,date_updated,updated_by,updated_at) VALUES('1027','warehouse4',0,current_timestamp,2,'AQOT03',current_timestamp,2,'AQOT03');

INSERT INTO mst_u_branch (mst_u_branch_cd,mst_u_branch_name,branch_name_kana,branch_shortname,branch_sales_flg,branch_order,branch_postalcode,branch_address1,branch_address2,branch_telno,branch_faxno,mst_u_branch_warehouse_id,branch_receipt_seqno,branch_receipt_symbol,date_created,created_by,created_at,date_updated,updated_by,updated_at) values ('1000','大阪支店','ｵｵｻｶｼﾃﾝ','大阪支',1,0,'5370024','大阪市東成区東小橋2丁目4番3号',null,'06-6972-5251','06-6975-1513',1,'O','O',current_timestamp,1,'JMST01',current_timestamp,1,'JMST01');
INSERT INTO mst_u_branch (mst_u_branch_cd,mst_u_branch_name,branch_name_kana,branch_shortname,branch_sales_flg,branch_order,branch_postalcode,branch_address1,branch_address2,branch_telno,branch_faxno,mst_u_branch_warehouse_id,branch_receipt_seqno,branch_receipt_symbol,date_created,created_by,created_at,date_updated,updated_by,updated_at) values ('1010','開発営業本部','ｶﾝｷｮｳｶｲﾊﾂﾌ','開発営',1,0,'5370024','大阪市東成区東小橋2丁目4番3号',null,'06-6972-8845','06-6972-6223',1,'O','O',current_timestamp,1,'JMST01',current_timestamp,1,'JMST01');
INSERT INTO mst_u_branch (mst_u_branch_cd,mst_u_branch_name,branch_name_kana,branch_shortname,branch_sales_flg,branch_order,branch_postalcode,branch_address1,branch_address2,branch_telno,branch_faxno,mst_u_branch_warehouse_id,branch_receipt_seqno,branch_receipt_symbol,date_created,created_by,created_at,date_updated,updated_by,updated_at) values ('1020','ソリューション課','ｿﾘｭｰｼｮﾝﾌﾞ','ｿﾘｭｰｼｮ',1,0,'5370024','大阪市東成区東小橋2丁目4番3号',null,'06-6972-8845','06-6972-6223',1,'O','O',current_timestamp,1,'JMST01',current_timestamp,1,'JMST01');
INSERT INTO mst_u_branch (mst_u_branch_cd,mst_u_branch_name,branch_name_kana,branch_shortname,branch_sales_flg,branch_order,branch_postalcode,branch_address1,branch_address2,branch_telno,branch_faxno,mst_u_branch_warehouse_id,branch_receipt_seqno,branch_receipt_symbol,date_created,created_by,created_at,date_updated,updated_by,updated_at) values ('2000','東京支店','ﾄｳｷｮｳｼﾃﾝ','東京',1,0,'1110042','東京都台東区寿3丁目14番13号',null,'03-5246-5833','03-5246-5836',1,'O','O',current_timestamp,1,'JMST01',current_timestamp,1,'JMST01');
INSERT INTO mst_u_branch (mst_u_branch_cd,mst_u_branch_name,branch_name_kana,branch_shortname,branch_sales_flg,branch_order,branch_postalcode,branch_address1,branch_address2,branch_telno,branch_faxno,mst_u_branch_warehouse_id,branch_receipt_seqno,branch_receipt_symbol,date_created,created_by,created_at,date_updated,updated_by,updated_at) values ('2010','開発統括本部','ｶｲﾊﾂﾄｳｶﾂﾌﾞ','開発統',1,0,'1110042','東京都台東区寿3丁目14番13号',null,'03-5806-1265','03-5806-1266',1,'O','O',current_timestamp,1,'JMST01',current_timestamp,1,'JMST01');
INSERT INTO mst_u_branch (mst_u_branch_cd,mst_u_branch_name,branch_name_kana,branch_shortname,branch_sales_flg,branch_order,branch_postalcode,branch_address1,branch_address2,branch_telno,branch_faxno,mst_u_branch_warehouse_id,branch_receipt_seqno,branch_receipt_symbol,date_created,created_by,created_at,date_updated,updated_by,updated_at) values ('3000','名古屋支店','ﾅｺﾞﾔｼﾃﾝ','名古屋',1,0,'4600021','名古屋市中区平和2丁目8番6号',null,'052-339-5858','052-339-0155',1,'O','O',current_timestamp,1,'JMST01',current_timestamp,1,'JMST01');
INSERT INTO mst_u_branch (mst_u_branch_cd,mst_u_branch_name,branch_name_kana,branch_shortname,branch_sales_flg,branch_order,branch_postalcode,branch_address1,branch_address2,branch_telno,branch_faxno,mst_u_branch_warehouse_id,branch_receipt_seqno,branch_receipt_symbol,date_created,created_by,created_at,date_updated,updated_by,updated_at) values ('3010','開発統括本部','ｶｲﾊﾂﾄｳｶﾂﾎﾝ','開発統',1,0,'4600021','名古屋市中区平和2丁目8番6号',null,'052-339-5858','052-339-0155',1,'O','O',current_timestamp,1,'JMST01',current_timestamp,1,'JMST01');
INSERT INTO mst_u_branch (mst_u_branch_cd,mst_u_branch_name,branch_name_kana,branch_shortname,branch_sales_flg,branch_order,branch_postalcode,branch_address1,branch_address2,branch_telno,branch_faxno,mst_u_branch_warehouse_id,branch_receipt_seqno,branch_receipt_symbol,date_created,created_by,created_at,date_updated,updated_by,updated_at) values ('4000','大阪業務','ｵｵｻｶｷﾞｮｳﾑ','大阪業',1,0,'5370024','大阪市東成区東小橋2丁目4番3号',null,'06-6972-5251','06-6972-5360',1,'O','O',current_timestamp,1,'JMST01',current_timestamp,1,'JMST01');
INSERT INTO mst_u_branch (mst_u_branch_cd,mst_u_branch_name,branch_name_kana,branch_shortname,branch_sales_flg,branch_order,branch_postalcode,branch_address1,branch_address2,branch_telno,branch_faxno,mst_u_branch_warehouse_id,branch_receipt_seqno,branch_receipt_symbol,date_created,created_by,created_at,date_updated,updated_by,updated_at) values ('5000','九州支店','ｷｭｳｼｭｳｼﾃﾝ','九州支',1,0,'8160912','大野城市御笠川4丁目10番18号',null,'092-513-3776','092-513-3877',1,'O','O',current_timestamp,1,'JMST01',current_timestamp,1,'JMST01');

INSERT INTO mst_u_department (mst_u_dept_cd,mst_u_dept_branch_id,mst_u_parent_dept_id,dept_name,dept_name_kana,dept_shortname,dept_sales_flg,dept_order,dept_postalcode,dept_address1,dept_address2,dept_telno,dept_faxno,dept_receipt_seqno,dept_receipt_symbol,date_created,created_by,created_at,date_updated,updated_by,updated_at) values ('1101',1,null,'営業１部','ｴｲｷﾞｮｳ1ﾌﾞ1','営業1',1,0,'5370024','大阪市東成区東小橋2丁目4番3号',null,'06-6972-5251','06-6975-1513','O','O',current_timestamp,1,'JMST01',current_timestamp,1,'JMST01');
INSERT INTO mst_u_department (mst_u_dept_cd,mst_u_dept_branch_id,mst_u_parent_dept_id,dept_name,dept_name_kana,dept_shortname,dept_sales_flg,dept_order,dept_postalcode,dept_address1,dept_address2,dept_telno,dept_faxno,dept_receipt_seqno,dept_receipt_symbol,date_created,created_by,created_at,date_updated,updated_by,updated_at) values ('1102',1,null,'営業２部','ｴｲｷﾞｮｳ2ﾌﾞ1','営業2',1,0,'5370024','大阪市東成区東小橋2丁目4番3号',null,'06-6972-5251','06-6975-1513','O','O',current_timestamp,1,'JMST01',current_timestamp,1,'JMST01');
INSERT INTO mst_u_department (mst_u_dept_cd,mst_u_dept_branch_id,mst_u_parent_dept_id,dept_name,dept_name_kana,dept_shortname,dept_sales_flg,dept_order,dept_postalcode,dept_address1,dept_address2,dept_telno,dept_faxno,dept_receipt_seqno,dept_receipt_symbol,date_created,created_by,created_at,date_updated,updated_by,updated_at) values ('1104',1,null,'総務・経理部','ｿｳﾑ･ｹｲﾘﾌﾞ','総務･',0,0,'5370024','大阪市東成区東小橋2丁目4番3号',null,'06-6972-5251','06-6975-1513','O','O',current_timestamp,1,'JMST01',current_timestamp,1,'JMST01');
INSERT INTO mst_u_department (mst_u_dept_cd,mst_u_dept_branch_id,mst_u_parent_dept_id,dept_name,dept_name_kana,dept_shortname,dept_sales_flg,dept_order,dept_postalcode,dept_address1,dept_address2,dept_telno,dept_faxno,dept_receipt_seqno,dept_receipt_symbol,date_created,created_by,created_at,date_updated,updated_by,updated_at) values ('1109',1,null,'業務経理課','ｷﾞｮｳﾑｹｲﾘｶ','業務経',0,0,'5370024','大阪市東成区東小橋2丁目4番3号',null,'06-6972-5251','06-6975-1513','O','O',current_timestamp,1,'JMST01',current_timestamp,1,'JMST01');
INSERT INTO mst_u_department (mst_u_dept_cd,mst_u_dept_branch_id,mst_u_parent_dept_id,dept_name,dept_name_kana,dept_shortname,dept_sales_flg,dept_order,dept_postalcode,dept_address1,dept_address2,dept_telno,dept_faxno,dept_receipt_seqno,dept_receipt_symbol,date_created,created_by,created_at,date_updated,updated_by,updated_at) values ('1110',1,null,'工事部','ｺｳｼﾞﾌﾞ','工事部',0,0,'5370024','大阪市東成区東小橋2丁目4番3号',null,'06-6972-5251','06-6975-1513','O','O',current_timestamp,1,'JMST01',current_timestamp,1,'JMST01');
INSERT INTO mst_u_department (mst_u_dept_cd,mst_u_dept_branch_id,mst_u_parent_dept_id,dept_name,dept_name_kana,dept_shortname,dept_sales_flg,dept_order,dept_postalcode,dept_address1,dept_address2,dept_telno,dept_faxno,dept_receipt_seqno,dept_receipt_symbol,date_created,created_by,created_at,date_updated,updated_by,updated_at) values ('1105',1,1,'営業１部１課','ｴｲｷﾞｮｳ1ﾌﾞ1','営業1',1,0,'5370024','大阪市東成区東小橋2丁目4番3号',null,'06-6972-5251','06-6975-1513','O','O',current_timestamp,1,'JMST01',current_timestamp,1,'JMST01');
INSERT INTO mst_u_department (mst_u_dept_cd,mst_u_dept_branch_id,mst_u_parent_dept_id,dept_name,dept_name_kana,dept_shortname,dept_sales_flg,dept_order,dept_postalcode,dept_address1,dept_address2,dept_telno,dept_faxno,dept_receipt_seqno,dept_receipt_symbol,date_created,created_by,created_at,date_updated,updated_by,updated_at) values ('1106',1,1,'営業１部２課','ｴｲｷﾞｮｳ1ﾌﾞ2','営業1',1,0,'5370024','大阪市東成区東小橋2丁目4番3号',null,'06-6972-5251','06-6975-1513','O','O',current_timestamp,1,'JMST01',current_timestamp,1,'JMST01');
INSERT INTO mst_u_department (mst_u_dept_cd,mst_u_dept_branch_id,mst_u_parent_dept_id,dept_name,dept_name_kana,dept_shortname,dept_sales_flg,dept_order,dept_postalcode,dept_address1,dept_address2,dept_telno,dept_faxno,dept_receipt_seqno,dept_receipt_symbol,date_created,created_by,created_at,date_updated,updated_by,updated_at) values ('1107',1,2,'営業２部１課','ｴｲｷﾞｮｳ2ﾌﾞ1','営業2',1,0,'5370024','大阪市東成区東小橋2丁目4番3号',null,'06-6972-5251','06-6975-1513','O','O',current_timestamp,1,'JMST01',current_timestamp,1,'JMST01');
INSERT INTO mst_u_department (mst_u_dept_cd,mst_u_dept_branch_id,mst_u_parent_dept_id,dept_name,dept_name_kana,dept_shortname,dept_sales_flg,dept_order,dept_postalcode,dept_address1,dept_address2,dept_telno,dept_faxno,dept_receipt_seqno,dept_receipt_symbol,date_created,created_by,created_at,date_updated,updated_by,updated_at) values ('1108',1,2,'営業２部２課','ｴｲｷﾞｮｳ2ﾌﾞ2','営業2',1,0,'5370024','大阪市東成区東小橋2丁目4番3号',null,'06-6972-5251','06-6975-1513','O','O',current_timestamp,1,'JMST01',current_timestamp,1,'JMST01');
INSERT INTO mst_u_department (mst_u_dept_cd,mst_u_dept_branch_id,mst_u_parent_dept_id,dept_name,dept_name_kana,dept_shortname,dept_sales_flg,dept_order,dept_postalcode,dept_address1,dept_address2,dept_telno,dept_faxno,dept_receipt_seqno,dept_receipt_symbol,date_created,created_by,created_at,date_updated,updated_by,updated_at) values ('1111',1,5,'業務課','ｷﾞｮｳﾑｶ','業務課',0,0,'5370024','大阪市東成区東小橋2丁目4番3号',null,'06-6972-5251','06-6975-1513','O','O',current_timestamp,1,'JMST01',current_timestamp,1,'JMST01');
INSERT INTO mst_u_department (mst_u_dept_cd,mst_u_dept_branch_id,mst_u_parent_dept_id,dept_name,dept_name_kana,dept_shortname,dept_sales_flg,dept_order,dept_postalcode,dept_address1,dept_address2,dept_telno,dept_faxno,dept_receipt_seqno,dept_receipt_symbol,date_created,created_by,created_at,date_updated,updated_by,updated_at) values ('1112',1,5,'工事課','ｺｳｼﾞｶ','工事課',1,0,'5370024','大阪市東成区東小橋2丁目4番3号',null,'06-6972-5251','06-6975-1513','O','O',current_timestamp,1,'JMST01',current_timestamp,1,'JMST01');
INSERT INTO mst_u_department (mst_u_dept_cd,mst_u_dept_branch_id,mst_u_parent_dept_id,dept_name,dept_name_kana,dept_shortname,dept_sales_flg,dept_order,dept_postalcode,dept_address1,dept_address2,dept_telno,dept_faxno,dept_receipt_seqno,dept_receipt_symbol,date_created,created_by,created_at,date_updated,updated_by,updated_at) values ('1011',2,null,'西日本開発課','ｶﾝｷｮｳｶｲﾊﾂﾌ','西日本',1,0,'5370024','大阪市東成区東小橋2丁目4番3号',null,'06-6972-8845','06-6972-6223','O','O',current_timestamp,1,'JMST01',current_timestamp,1,'JMST01');
INSERT INTO mst_u_department (mst_u_dept_cd,mst_u_dept_branch_id,mst_u_parent_dept_id,dept_name,dept_name_kana,dept_shortname,dept_sales_flg,dept_order,dept_postalcode,dept_address1,dept_address2,dept_telno,dept_faxno,dept_receipt_seqno,dept_receipt_symbol,date_created,created_by,created_at,date_updated,updated_by,updated_at) values ('2106',4,null,'営業１部','ｴｲｷﾞｮｳ1ﾌﾞ1','営業1',1,0,'1110042','東京都台東区寿3丁目14番13号',null,'03-5246-5833','03-5246-5836','O','O',current_timestamp,1,'JMST01',current_timestamp,1,'JMST01');
INSERT INTO mst_u_department (mst_u_dept_cd,mst_u_dept_branch_id,mst_u_parent_dept_id,dept_name,dept_name_kana,dept_shortname,dept_sales_flg,dept_order,dept_postalcode,dept_address1,dept_address2,dept_telno,dept_faxno,dept_receipt_seqno,dept_receipt_symbol,date_created,created_by,created_at,date_updated,updated_by,updated_at) values ('2110',4,13,'営業１部１課','ｴｲｷﾞｮｳｲﾁﾌﾞ','営業1',1,0,'1110042','東京都台東区寿3丁目14番13号',null,'03-5246-5833','03-5246-5836','O','O',current_timestamp,1,'JMST01',current_timestamp,1,'JMST01');
INSERT INTO mst_u_department (mst_u_dept_cd,mst_u_dept_branch_id,mst_u_parent_dept_id,dept_name,dept_name_kana,dept_shortname,dept_sales_flg,dept_order,dept_postalcode,dept_address1,dept_address2,dept_telno,dept_faxno,dept_receipt_seqno,dept_receipt_symbol,date_created,created_by,created_at,date_updated,updated_by,updated_at) values ('2111',4,13,'営業１部２課','ｴｲｷﾞｮｳｲﾁﾌﾞ','営業1',1,0,'1110042','東京都台東区寿3丁目14番13号',null,'03-5246-5833','03-5246-5836','O','O',current_timestamp,1,'JMST01',current_timestamp,1,'JMST01');
INSERT INTO mst_u_department (mst_u_dept_cd,mst_u_dept_branch_id,mst_u_parent_dept_id,dept_name,dept_name_kana,dept_shortname,dept_sales_flg,dept_order,dept_postalcode,dept_address1,dept_address2,dept_telno,dept_faxno,dept_receipt_seqno,dept_receipt_symbol,date_created,created_by,created_at,date_updated,updated_by,updated_at) values ('2107',4,null,'営業２部','ｴｲｷﾞｮｳ2ﾌﾞ','営業2',1,0,'1110042','東京都台東区寿3丁目14番13号',null,'03-5246-5833','03-6854-2084','O','O',current_timestamp,1,'JMST01',current_timestamp,1,'JMST01');
INSERT INTO mst_u_department (mst_u_dept_cd,mst_u_dept_branch_id,mst_u_parent_dept_id,dept_name,dept_name_kana,dept_shortname,dept_sales_flg,dept_order,dept_postalcode,dept_address1,dept_address2,dept_telno,dept_faxno,dept_receipt_seqno,dept_receipt_symbol,date_created,created_by,created_at,date_updated,updated_by,updated_at) values ('2112',4,16,'営業２部１課','ｴｲｷﾞｮｳ2ﾌﾞ1','営業2',1,0,'1110042','東京都台東区寿3丁目14番13号',null,'03-5246-5833','03-6854-2084','O','O',current_timestamp,1,'JMST01',current_timestamp,1,'JMST01');
INSERT INTO mst_u_department (mst_u_dept_cd,mst_u_dept_branch_id,mst_u_parent_dept_id,dept_name,dept_name_kana,dept_shortname,dept_sales_flg,dept_order,dept_postalcode,dept_address1,dept_address2,dept_telno,dept_faxno,dept_receipt_seqno,dept_receipt_symbol,date_created,created_by,created_at,date_updated,updated_by,updated_at) values ('2113',4,16,'営業２部２課','ｴｲｷﾞｮｳ2ﾌﾞ2','営業2',1,0,'1110042','東京都台東区寿3丁目14番13号',null,'03-5246-5833','03-6854-2084','O','O',current_timestamp,1,'JMST01',current_timestamp,1,'JMST01');
INSERT INTO mst_u_department (mst_u_dept_cd,mst_u_dept_branch_id,mst_u_parent_dept_id,dept_name,dept_name_kana,dept_shortname,dept_sales_flg,dept_order,dept_postalcode,dept_address1,dept_address2,dept_telno,dept_faxno,dept_receipt_seqno,dept_receipt_symbol,date_created,created_by,created_at,date_updated,updated_by,updated_at) values ('2109',4,null,'業務課','ｷﾞｮｳﾑｶ','業務課',0,0,'1110042','東京都台東区寿3丁目14番13号',null,'03-5246-5833','03-5246-5836','O','O',current_timestamp,1,'JMST01',current_timestamp,1,'JMST01');
INSERT INTO mst_u_department (mst_u_dept_cd,mst_u_dept_branch_id,mst_u_parent_dept_id,dept_name,dept_name_kana,dept_shortname,dept_sales_flg,dept_order,dept_postalcode,dept_address1,dept_address2,dept_telno,dept_faxno,dept_receipt_seqno,dept_receipt_symbol,date_created,created_by,created_at,date_updated,updated_by,updated_at) values ('2011',5,null,'東日本開発課','ｶﾝｷｮｳｶｲﾊﾂﾌ','東日本',1,0,'1110042','東京都台東区寿3丁目14番13号',null,'03-5806-1265','03-5806-1266','O','O',current_timestamp,1,'JMST01',current_timestamp,1,'JMST01');
INSERT INTO mst_u_department (mst_u_dept_cd,mst_u_dept_branch_id,mst_u_parent_dept_id,dept_name,dept_name_kana,dept_shortname,dept_sales_flg,dept_order,dept_postalcode,dept_address1,dept_address2,dept_telno,dept_faxno,dept_receipt_seqno,dept_receipt_symbol,date_created,created_by,created_at,date_updated,updated_by,updated_at) values ('2012',5,null,'東日本開発課 ﾃﾞｻﾞｲﾝ','ｶﾝｷｮｳｶｲﾊﾂﾃ','東日本',1,0,'1110042','東京都台東区寿3丁目14番13号',null,'03-5806-1265','03-5806-1266','O','O',current_timestamp,1,'JMST01',current_timestamp,1,'JMST01');
INSERT INTO mst_u_department (mst_u_dept_cd,mst_u_dept_branch_id,mst_u_parent_dept_id,dept_name,dept_name_kana,dept_shortname,dept_sales_flg,dept_order,dept_postalcode,dept_address1,dept_address2,dept_telno,dept_faxno,dept_receipt_seqno,dept_receipt_symbol,date_created,created_by,created_at,date_updated,updated_by,updated_at) values ('2013',5,null,'開発営業部','ｶｲﾊﾂｴｲｷﾞｮｳ','開発営',1,0,'1110042','東京都台東区寿3丁目14番13号',null,'03-5806-1265','03-5806-1266','O','O',current_timestamp,1,'JMST01',current_timestamp,1,'JMST01');
INSERT INTO mst_u_department (mst_u_dept_cd,mst_u_dept_branch_id,mst_u_parent_dept_id,dept_name,dept_name_kana,dept_shortname,dept_sales_flg,dept_order,dept_postalcode,dept_address1,dept_address2,dept_telno,dept_faxno,dept_receipt_seqno,dept_receipt_symbol,date_created,created_by,created_at,date_updated,updated_by,updated_at) values ('3100',6,null,'名古屋営業者',null,'営業者',1,0,'4600021','名古屋市中区平和2丁目8番6号',null,'052-339-5858','052-339-0155','O','O',current_timestamp,1,'JMST01',current_timestamp,1,'JMST01');
INSERT INTO mst_u_department (mst_u_dept_cd,mst_u_dept_branch_id,mst_u_parent_dept_id,dept_name,dept_name_kana,dept_shortname,dept_sales_flg,dept_order,dept_postalcode,dept_address1,dept_address2,dept_telno,dept_faxno,dept_receipt_seqno,dept_receipt_symbol,date_created,created_by,created_at,date_updated,updated_by,updated_at) values ('3110',6,23,'営業課','ｴｲｷﾞｮｳｶ','営業課',1,0,'4600021','名古屋市中区平和2丁目8番6号',null,'052-339-5858','052-339-0155','O','O',current_timestamp,1,'JMST01',current_timestamp,1,'JMST01');
INSERT INTO mst_u_department (mst_u_dept_cd,mst_u_dept_branch_id,mst_u_parent_dept_id,dept_name,dept_name_kana,dept_shortname,dept_sales_flg,dept_order,dept_postalcode,dept_address1,dept_address2,dept_telno,dept_faxno,dept_receipt_seqno,dept_receipt_symbol,date_created,created_by,created_at,date_updated,updated_by,updated_at) values ('3111',6,23,'営業１課','ｴｲｷﾞｮｳﾀﾞｲ1','営業1',1,0,'4600021','名古屋市中区平和2丁目8番6号',null,'052-339-5858','052-339-0155','O','O',current_timestamp,1,'JMST01',current_timestamp,1,'JMST01');
INSERT INTO mst_u_department (mst_u_dept_cd,mst_u_dept_branch_id,mst_u_parent_dept_id,dept_name,dept_name_kana,dept_shortname,dept_sales_flg,dept_order,dept_postalcode,dept_address1,dept_address2,dept_telno,dept_faxno,dept_receipt_seqno,dept_receipt_symbol,date_created,created_by,created_at,date_updated,updated_by,updated_at) values ('3112',6,23,'営業２課','ｴｲｷﾞｮｳﾀﾞｲ2','営業2',1,0,'4600021','名古屋市中区平和2丁目8番6号',null,'052-339-5858','052-339-0155','O','O',current_timestamp,1,'JMST01',current_timestamp,1,'JMST01');
INSERT INTO mst_u_department (mst_u_dept_cd,mst_u_dept_branch_id,mst_u_parent_dept_id,dept_name,dept_name_kana,dept_shortname,dept_sales_flg,dept_order,dept_postalcode,dept_address1,dept_address2,dept_telno,dept_faxno,dept_receipt_seqno,dept_receipt_symbol,date_created,created_by,created_at,date_updated,updated_by,updated_at) values ('3200',6,null,'名古屋会計者',null,'会計者',1,0,'4600021','名古屋市中区平和2丁目8番6号',null,'052-339-5858','052-339-0155','O','O',current_timestamp,1,'JMST01',current_timestamp,1,'JMST01');
INSERT INTO mst_u_department (mst_u_dept_cd,mst_u_dept_branch_id,mst_u_parent_dept_id,dept_name,dept_name_kana,dept_shortname,dept_sales_flg,dept_order,dept_postalcode,dept_address1,dept_address2,dept_telno,dept_faxno,dept_receipt_seqno,dept_receipt_symbol,date_created,created_by,created_at,date_updated,updated_by,updated_at) values ('3212',6,27,'業務課',null,'業務課',1,0,'4600021','名古屋市中区平和2丁目8番6号',null,'052-339-5858','052-339-0155','O','O',current_timestamp,1,'JMST01',current_timestamp,1,'JMST01');
INSERT INTO mst_u_department (mst_u_dept_cd,mst_u_dept_branch_id,mst_u_parent_dept_id,dept_name,dept_name_kana,dept_shortname,dept_sales_flg,dept_order,dept_postalcode,dept_address1,dept_address2,dept_telno,dept_faxno,dept_receipt_seqno,dept_receipt_symbol,date_created,created_by,created_at,date_updated,updated_by,updated_at) values ('3113',7,null,'中部開発課','ﾁｭｳﾌﾞｶｲﾊﾂｶ','中部開',1,0,'4600021','名古屋市中区平和2丁目8番6号',null,'052-339-5858','052-339-0155','O','O',current_timestamp,1,'JMST01',current_timestamp,1,'JMST01');
INSERT INTO mst_u_department (mst_u_dept_cd,mst_u_dept_branch_id,mst_u_parent_dept_id,dept_name,dept_name_kana,dept_shortname,dept_sales_flg,dept_order,dept_postalcode,dept_address1,dept_address2,dept_telno,dept_faxno,dept_receipt_seqno,dept_receipt_symbol,date_created,created_by,created_at,date_updated,updated_by,updated_at) values ('1103',8,null,'業務購買課','ｷﾞｮｳﾑｺｳﾊﾞｲ','業務購',1,0,'5370024','大阪市東成区東小橋2丁目4番3号',null,'06-6972-5251','06-6972-5360','O','O',current_timestamp,1,'JMST01',current_timestamp,1,'JMST01');
INSERT INTO mst_u_department (mst_u_dept_cd,mst_u_dept_branch_id,mst_u_parent_dept_id,dept_name,dept_name_kana,dept_shortname,dept_sales_flg,dept_order,dept_postalcode,dept_address1,dept_address2,dept_telno,dept_faxno,dept_receipt_seqno,dept_receipt_symbol,date_created,created_by,created_at,date_updated,updated_by,updated_at) values ('5100',9,null,'業務経理部','ｷﾞｮｳﾑｹｲﾘﾌﾞ','業務経',0,0,'8160912','大野城市御笠川4丁目10番18号',null,'092-513-3776','092-513-3877','O','O',current_timestamp,1,'JMST01',current_timestamp,1,'JMST01');
INSERT INTO mst_u_department (mst_u_dept_cd,mst_u_dept_branch_id,mst_u_parent_dept_id,dept_name,dept_name_kana,dept_shortname,dept_sales_flg,dept_order,dept_postalcode,dept_address1,dept_address2,dept_telno,dept_faxno,dept_receipt_seqno,dept_receipt_symbol,date_created,created_by,created_at,date_updated,updated_by,updated_at) values ('5101',9,31,'経理課','ｹｲﾘｶ','経理課',0,0,'8160912','大野城市御笠川4丁目10番18号',null,'092-513-3776','092-513-3877','O','O',current_timestamp,1,'JMST01',current_timestamp,1,'JMST01');
INSERT INTO mst_u_department (mst_u_dept_cd,mst_u_dept_branch_id,mst_u_parent_dept_id,dept_name,dept_name_kana,dept_shortname,dept_sales_flg,dept_order,dept_postalcode,dept_address1,dept_address2,dept_telno,dept_faxno,dept_receipt_seqno,dept_receipt_symbol,date_created,created_by,created_at,date_updated,updated_by,updated_at) values ('5102',9,31,'業務課','ｷﾞｮｳﾑｶ','業務課',0,0,'8160912','大野城市御笠川4丁目10番18号',null,'092-513-3776','092-513-3877','O','O',current_timestamp,1,'JMST01',current_timestamp,1,'JMST01');
INSERT INTO mst_u_department (mst_u_dept_cd,mst_u_dept_branch_id,mst_u_parent_dept_id,dept_name,dept_name_kana,dept_shortname,dept_sales_flg,dept_order,dept_postalcode,dept_address1,dept_address2,dept_telno,dept_faxno,dept_receipt_seqno,dept_receipt_symbol,date_created,created_by,created_at,date_updated,updated_by,updated_at) values ('5200',9,null,'営業部','ｴｲｷﾞｮｳﾌﾞ','営業部',1,0,'8160912','大野城市御笠川4丁目10番18号',null,'092-513-3776','092-513-3877','O','O',current_timestamp,1,'JMST01',current_timestamp,1,'JMST01');
INSERT INTO mst_u_department (mst_u_dept_cd,mst_u_dept_branch_id,mst_u_parent_dept_id,dept_name,dept_name_kana,dept_shortname,dept_sales_flg,dept_order,dept_postalcode,dept_address1,dept_address2,dept_telno,dept_faxno,dept_receipt_seqno,dept_receipt_symbol,date_created,created_by,created_at,date_updated,updated_by,updated_at) values ('5201',9,34,'１課','1ｶ','1課',0,0,'8160912','大野城市御笠川4丁目10番18号',null,'092-513-3776','092-513-3877','O','O',current_timestamp,1,'JMST01',current_timestamp,1,'JMST01');
INSERT INTO mst_u_department (mst_u_dept_cd,mst_u_dept_branch_id,mst_u_parent_dept_id,dept_name,dept_name_kana,dept_shortname,dept_sales_flg,dept_order,dept_postalcode,dept_address1,dept_address2,dept_telno,dept_faxno,dept_receipt_seqno,dept_receipt_symbol,date_created,created_by,created_at,date_updated,updated_by,updated_at) values ('5202',9,34,'２課','2ｶ','2課',0,0,'8160912','大野城市御笠川4丁目10番18号',null,'092-513-3776','092-513-3877','O','O',current_timestamp,1,'JMST01',current_timestamp,1,'JMST01');
INSERT INTO mst_u_department (mst_u_dept_cd,mst_u_dept_branch_id,mst_u_parent_dept_id,dept_name,dept_name_kana,dept_shortname,dept_sales_flg,dept_order,dept_postalcode,dept_address1,dept_address2,dept_telno,dept_faxno,dept_receipt_seqno,dept_receipt_symbol,date_created,created_by,created_at,date_updated,updated_by,updated_at) values ('5300',9,null,'工事部','ｺｳｼﾞﾌﾞ','工事部',1,0,'8160912','大野城市御笠川4丁目10番18号',null,'092-513-3776','092-513-3877','O','O',current_timestamp,1,'JMST01',current_timestamp,1,'JMST01');
INSERT INTO mst_u_department (mst_u_dept_cd,mst_u_dept_branch_id,mst_u_parent_dept_id,dept_name,dept_name_kana,dept_shortname,dept_sales_flg,dept_order,dept_postalcode,dept_address1,dept_address2,dept_telno,dept_faxno,dept_receipt_seqno,dept_receipt_symbol,date_created,created_by,created_at,date_updated,updated_by,updated_at) values ('5400',9,37,'沖縄営業所','ｵｷﾅﾜｴｲｷﾞｮｳ','沖縄営',1,0,'9010305','糸満市西崎6丁目5番5号 SuzuyaBLD1F',null,'098-894-6031','098-894-6032','O','O',current_timestamp,1,'JMST01',current_timestamp,1,'JMST01');

INSERT INTO "mst_u_product_classification"(code,name,is_end, date_created, created_by,created_at,date_updated) VALUES(100, 'Computer', 0, current_timestamp, 1, 'AQOT03', current_timestamp);
INSERT INTO "mst_u_product_classification"(code,name,is_end, date_created, created_by,created_at,date_updated) VALUES(200, 'Speaker', 0, current_timestamp, 1, 'AQOT03', current_timestamp);
INSERT INTO "mst_u_product_classification"(code,name,is_end, date_created,created_by,created_at,date_updated) VALUES(300, 'Printer', 0, current_timestamp, 1, 'AQOT03', current_timestamp);
INSERT INTO "mst_u_product_classification_item"(mst_u_prod_class_id,code,name,date_created,created_by,created_at,date_updated) VALUES(1, 101, 'Lenovo', current_timestamp,1, 'AQOT03', current_timestamp);
INSERT INTO "mst_u_product_classification_item"(mst_u_prod_class_id,code,name,date_created,created_by,created_at,date_updated) VALUES(1, 102, 'Toshiba', current_timestamp,1, 'AQOT03', current_timestamp);
INSERT INTO "mst_u_product_classification_item"(mst_u_prod_class_id,code,name,date_created,created_by,created_at,date_updated) VALUES(1, 103, 'Sony', current_timestamp,1, 'AQOT03', current_timestamp);
INSERT INTO "mst_u_product_classification_item"(mst_u_prod_class_id,code,name,date_created,created_by,created_at,date_updated) VALUES(1, 104, 'Samsung', current_timestamp,1, 'AQOT03', current_timestamp);
INSERT INTO "mst_u_product_classification_item"(mst_u_prod_class_id,code,name,date_created,created_by,created_at,date_updated) VALUES(1, 105, 'HP', current_timestamp,1, 'AQOT03', current_timestamp);
INSERT INTO "mst_u_product_classification_item"(mst_u_prod_class_id,code,name,date_created,created_by,created_at,date_updated) VALUES(1, 106, 'Acer', current_timestamp,1, 'AQOT03', current_timestamp);
INSERT INTO "mst_u_product_classification_item"(mst_u_prod_class_id,code,name,date_created,created_by,created_at,date_updated) VALUES(1, 107, 'Asus', current_timestamp,1, 'AQOT03', current_timestamp);
INSERT INTO "mst_u_product_classification_item"(mst_u_prod_class_id,code,name,date_created,created_by,created_at,date_updated) VALUES(2, 201, 'LG Speaker', current_timestamp,1, 'AQOT03', current_timestamp);

INSERT INTO "mst_bank"(mst_bank_cd,bank_name,bank_kana,date_created,created_by,created_at,date_updated) VALUES(100,'Bank1','バンク1',current_timestamp,1,'AQOT03', current_timestamp);
INSERT INTO "mst_bank"(mst_bank_cd,bank_name,bank_kana,date_created,created_by,created_at,date_updated) VALUES(200,'Bank2','バンク2',current_timestamp,1,'AQOT03', current_timestamp);
INSERT INTO "mst_bank"(mst_bank_cd,bank_name,bank_kana,date_created,created_by,created_at,date_updated) VALUES(300,'Bank3','バンク3',current_timestamp,1,'AQOT03', current_timestamp);
INSERT INTO "mst_bank"(mst_bank_cd,bank_name,bank_kana,date_created,created_by,created_at,date_updated) VALUES(400,'Bank4','バンク4',current_timestamp,1,'AQOT03', current_timestamp);
INSERT INTO "mst_bank_branch"(mst_bank_id,bank_branch_cd,bank_branch_name,bank_branch_kana,date_created,created_by,created_at,date_updated) VALUES(1, 101, 'Branch1', 'ブランチ1', current_timestamp,1, 'AQOT03', current_timestamp);
INSERT INTO "mst_bank_branch"(mst_bank_id,bank_branch_cd,bank_branch_name,bank_branch_kana,date_created,created_by,created_at,date_updated) VALUES(1, 102, 'Branch2', 'ブランチ2', current_timestamp,1, 'AQOT03', current_timestamp);
INSERT INTO "mst_bank_branch"(mst_bank_id,bank_branch_cd,bank_branch_name,bank_branch_kana,date_created,created_by,created_at,date_updated) VALUES(1, 103, 'Branch3', 'ブランチ3', current_timestamp,1, 'AQOT03', current_timestamp);
INSERT INTO "mst_bank_branch"(mst_bank_id,bank_branch_cd,bank_branch_name,bank_branch_kana,date_created,created_by,created_at,date_updated) VALUES(1, 104, 'Branch4', 'ブランチ4', current_timestamp,1, 'AQOT03', current_timestamp);
INSERT INTO "mst_bank_branch"(mst_bank_id,bank_branch_cd,bank_branch_name,bank_branch_kana,date_created,created_by,created_at,date_updated) VALUES(2, 201, 'Branch5', 'ブランチ5', current_timestamp,1, 'AQOT03', current_timestamp);
INSERT INTO "mst_bank_branch"(mst_bank_id,bank_branch_cd,bank_branch_name,bank_branch_kana,date_created,created_by,created_at,date_updated) VALUES(2, 202, 'Branch6', 'ブランチ6', current_timestamp,1, 'AQOT03', current_timestamp);

INSERT INTO "mst_u_course"(mst_u_course_cd, mst_u_name, is_end,date_created,created_by,created_at) VALUES(100, 'Course 100', 0, current_timestamp,1, 'AQOT03');
INSERT INTO "mst_u_course_auxillary"(mst_u_course_id, mst_u_course_aux_cd, name, is_end,date_created,created_by,created_at) VALUES(1, 1001, 'Course Aux 1001', 0, current_timestamp,1, 'AQOT03');

INSERT INTO "mst_company_account"(mst_company_account_id, mst_bank_branch_id, deposit_type, account_number, company_number, company_name_kana, date_created,created_by,created_at) VALUES(1, 1, 1, 10025, 1001, 'Jollibee', current_timestamp,1, 'AQOT03');

INSERT INTO "mst_unit"(unit_cd, unit_name, is_end,date_created,created_by,created_at) VALUES(100, 'Unit 1', 0, current_timestamp,1, 'AQOT03');


/*<from old db>*/
INSERT INTO "mst_u_generalpurpose"(mst_u_genpurp_cd, genpurp_name, is_end,date_created,created_by,created_at) VALUES('SHKB1', 'カテゴリー', 0, current_timestamp,1, 'AQOT03');
INSERT INTO "mst_u_generalpurpose"(mst_u_genpurp_cd, genpurp_name, is_end,date_created,created_by,created_at) VALUES('SHKB2', '商品区分2', 0, current_timestamp,1, 'AQOT03');
INSERT INTO "mst_u_generalpurpose"(mst_u_genpurp_cd, genpurp_name, is_end,date_created,created_by,created_at) VALUES('SHKB3', '商品区分3', 0, current_timestamp,1, 'AQOT03');
INSERT INTO "mst_u_generalpurpose"(mst_u_genpurp_cd, genpurp_name, is_end,date_created,created_by,created_at) VALUES('SHKB4', '商品区分4', 0, current_timestamp,1, 'AQOT03');
INSERT INTO "mst_u_generalpurpose"(mst_u_genpurp_cd, genpurp_name, is_end,date_created,created_by,created_at) VALUES('SHKB5', '商品区分5', 0, current_timestamp,1, 'AQOT03');
INSERT INTO "mst_u_generalpurpose"(mst_u_genpurp_cd, genpurp_name, is_end,date_created,created_by,created_at) VALUES('TKKB1', '業　種', 0, current_timestamp,1, 'AQOT03');
INSERT INTO "mst_u_generalpurpose"(mst_u_genpurp_cd, genpurp_name, is_end,date_created,created_by,created_at) VALUES('ZEIKB', '消費税区分(共通)', 0, current_timestamp,1, 'AQOT03');
INSERT INTO "mst_u_generalpurpose"(mst_u_genpurp_cd, genpurp_name, is_end,date_created,created_by,created_at) VALUES('ZEIKB1', '消費税区分(掛)', 0, current_timestamp,1, 'AQOT03');
INSERT INTO "mst_u_generalpurpose"(mst_u_genpurp_cd, genpurp_name, is_end,date_created,created_by,created_at) VALUES('ZEIKB2', '消費税区分(現金)', 0, current_timestamp,1, 'AQOT03');
INSERT INTO "mst_u_generalpurpose"(mst_u_genpurp_cd, genpurp_name, is_end,date_created,created_by,created_at) VALUES('HZKUBN', 'Ｈｚ区分', 0, current_timestamp,1, 'AQOT03');
INSERT INTO "mst_u_generalpurpose"(mst_u_genpurp_cd, genpurp_name, is_end,date_created,created_by,created_at) VALUES('DENPKB', '伝票区分', 0, current_timestamp,1, 'AQOT03');
INSERT INTO "mst_u_generalpurpose"(mst_u_genpurp_cd, genpurp_name, is_end,date_created,created_by,created_at) VALUES('CYTIME', '直送時間帯', 0, current_timestamp,1, 'AQOT03');
INSERT INTO "mst_u_generalpurpose"(mst_u_genpurp_cd, genpurp_name, is_end,date_created,created_by,created_at) VALUES('CYOKUB', '直送有無区分', 0, current_timestamp,1, 'AQOT03');
INSERT INTO "mst_u_generalpurpose"(mst_u_genpurp_cd, genpurp_name, is_end,date_created,created_by,created_at) VALUES('SIIRKB', '仕入区分', 0, current_timestamp,1, 'AQOT03');
INSERT INTO "mst_u_generalpurpose"(mst_u_genpurp_cd, genpurp_name, is_end,date_created,created_by,created_at) VALUES('NOUHKB', '納品区分', 0, current_timestamp,1, 'AQOT03');

INSERT INTO "mst_u_generalpurpose_item"(mst_u_genpurp_id, genpurp_item_code, genpurp_item_name, is_end,date_created,created_by,created_at) VALUES(1, 1, '装飾照明', 0, current_timestamp,1, 'AQOT03');
INSERT INTO "mst_u_generalpurpose_item"(mst_u_genpurp_id, genpurp_item_code, genpurp_item_name, is_end,date_created,created_by,created_at) VALUES(1, 2, 'ブラケット', 0, current_timestamp,1, 'AQOT03');
INSERT INTO "mst_u_generalpurpose_item"(mst_u_genpurp_id, genpurp_item_code, genpurp_item_name, is_end,date_created,created_by,created_at) VALUES(1, 3, 'シーリング', 0, current_timestamp,1, 'AQOT03');
INSERT INTO "mst_u_generalpurpose_item"(mst_u_genpurp_id, genpurp_item_code, genpurp_item_name, is_end,date_created,created_by,created_at) VALUES(1, 4, 'ペンダント', 0, current_timestamp,1, 'AQOT03');
INSERT INTO "mst_u_generalpurpose_item"(mst_u_genpurp_id, genpurp_item_code, genpurp_item_name, is_end,date_created,created_by,created_at) VALUES(1, 5, 'スタンド', 0, current_timestamp,1, 'AQOT03');
INSERT INTO "mst_u_generalpurpose_item"(mst_u_genpurp_id, genpurp_item_code, genpurp_item_name, is_end,date_created,created_by,created_at) VALUES(1, 6, 'スポットライト', 0, current_timestamp,1, 'AQOT03');
INSERT INTO "mst_u_generalpurpose_item"(mst_u_genpurp_id, genpurp_item_code, genpurp_item_name, is_end,date_created,created_by,created_at) VALUES(1, 7, 'ダウンライト', 0, current_timestamp,1, 'AQOT03');
INSERT INTO "mst_u_generalpurpose_item"(mst_u_genpurp_id, genpurp_item_code, genpurp_item_name, is_end,date_created,created_by,created_at) VALUES(6, 1, '内装工事', 0, current_timestamp,1, 'AQOT03');
INSERT INTO "mst_u_generalpurpose_item"(mst_u_genpurp_id, genpurp_item_code, genpurp_item_name, is_end,date_created,created_by,created_at) VALUES(6, 2, '設計事務所', 0, current_timestamp,1, 'AQOT03');
INSERT INTO "mst_u_generalpurpose_item"(mst_u_genpurp_id, genpurp_item_code, genpurp_item_name, is_end,date_created,created_by,created_at) VALUES(6, 3, '設計施工', 0, current_timestamp,1, 'AQOT03');
INSERT INTO "mst_u_generalpurpose_item"(mst_u_genpurp_id, genpurp_item_code, genpurp_item_name, is_end,date_created,created_by,created_at) VALUES(6, 4, 'メーカー', 0, current_timestamp,1, 'AQOT03');
INSERT INTO "mst_u_generalpurpose_item"(mst_u_genpurp_id, genpurp_item_code, genpurp_item_name, is_end,date_created,created_by,created_at) VALUES(6, 5, '器具販売', 0, current_timestamp,1, 'AQOT03');
INSERT INTO "mst_u_generalpurpose_item"(mst_u_genpurp_id, genpurp_item_code, genpurp_item_name, is_end,date_created,created_by,created_at) VALUES(6, 6, '電機工事業', 0, current_timestamp,1, 'AQOT03');
INSERT INTO "mst_u_generalpurpose_item"(mst_u_genpurp_id, genpurp_item_code, genpurp_item_name, is_end,date_created,created_by,created_at) VALUES(6, 7, 'サービス', 0, current_timestamp,1, 'AQOT03');
INSERT INTO "mst_u_generalpurpose_item"(mst_u_genpurp_id, genpurp_item_code, genpurp_item_name, is_end,date_created,created_by,created_at) VALUES(6, 8, 'その他', 0, current_timestamp,1, 'AQOT03');
INSERT INTO "mst_u_generalpurpose_item"(mst_u_genpurp_id, genpurp_item_code, genpurp_item_name, is_end,date_created,created_by,created_at) VALUES(6, 9, '個人', 0, current_timestamp,1, 'AQOT03');
INSERT INTO "mst_u_generalpurpose_item"(mst_u_genpurp_id, genpurp_item_code, genpurp_item_name, is_end,date_created,created_by,created_at) VALUES(6, 10, 'サイン', 0, current_timestamp,1, 'AQOT03');
INSERT INTO "mst_u_generalpurpose_item"(mst_u_genpurp_id, genpurp_item_code, genpurp_item_name, is_end,date_created,created_by,created_at) VALUES(6, 11, '家具販売', 0, current_timestamp,1, 'AQOT03');
INSERT INTO "mst_u_generalpurpose_item"(mst_u_genpurp_id, genpurp_item_code, genpurp_item_name, is_end,date_created,created_by,created_at) VALUES(6, 12, '建設業', 0, current_timestamp,1, 'AQOT03');
INSERT INTO "mst_u_generalpurpose_item"(mst_u_genpurp_id, genpurp_item_code, genpurp_item_name, is_end,date_created,created_by,created_at) VALUES(6, 13, '代理店', 0, current_timestamp,1, 'AQOT03');
INSERT INTO "mst_u_generalpurpose_item"(mst_u_genpurp_id, genpurp_item_code, genpurp_item_name, is_end,date_created,created_by,created_at) VALUES(6, 14, 'ランプメンテ', 0, current_timestamp,1, 'AQOT03');
INSERT INTO "mst_u_generalpurpose_item"(mst_u_genpurp_id, genpurp_item_code, genpurp_item_name, is_end,date_created,created_by,created_at) VALUES(7, 1, '締時一括', 0, current_timestamp,1, 'AQOT03');
INSERT INTO "mst_u_generalpurpose_item"(mst_u_genpurp_id, genpurp_item_code, genpurp_item_name, is_end,date_created,created_by,created_at) VALUES(7, 2, '伝票単位', 0, current_timestamp,1, 'AQOT03');
INSERT INTO "mst_u_generalpurpose_item"(mst_u_genpurp_id, genpurp_item_code, genpurp_item_name, is_end,date_created,created_by,created_at) VALUES(7, 3, '明細単位', 0, current_timestamp,1, 'AQOT03');
INSERT INTO "mst_u_generalpurpose_item"(mst_u_genpurp_id, genpurp_item_code, genpurp_item_name, is_end,date_created,created_by,created_at) VALUES(7, 4, '無処理', 0, current_timestamp,1, 'AQOT03');
INSERT INTO "mst_u_generalpurpose_item"(mst_u_genpurp_id, genpurp_item_code, genpurp_item_name, is_end,date_created,created_by,created_at) VALUES(7, 5, '税修正', 0, current_timestamp,1, 'AQOT03');
INSERT INTO "mst_u_generalpurpose_item"(mst_u_genpurp_id, genpurp_item_code, genpurp_item_name, is_end,date_created,created_by,created_at) VALUES(7, 6, '総額表示', 0, current_timestamp,1, 'AQOT03');
INSERT INTO "mst_u_generalpurpose_item"(mst_u_genpurp_id, genpurp_item_code, genpurp_item_name, is_end,date_created,created_by,created_at) VALUES(8, 1, '締時一括', 0, current_timestamp,1, 'AQOT03');
INSERT INTO "mst_u_generalpurpose_item"(mst_u_genpurp_id, genpurp_item_code, genpurp_item_name, is_end,date_created,created_by,created_at) VALUES(8, 2, '伝票単位', 0, current_timestamp,1, 'AQOT03');
INSERT INTO "mst_u_generalpurpose_item"(mst_u_genpurp_id, genpurp_item_code, genpurp_item_name, is_end,date_created,created_by,created_at) VALUES(8, 3, '明細単位', 0, current_timestamp,1, 'AQOT03');
INSERT INTO "mst_u_generalpurpose_item"(mst_u_genpurp_id, genpurp_item_code, genpurp_item_name, is_end,date_created,created_by,created_at) VALUES(8, 4, '無処理', 0, current_timestamp,1, 'AQOT03');
INSERT INTO "mst_u_generalpurpose_item"(mst_u_genpurp_id, genpurp_item_code, genpurp_item_name, is_end,date_created,created_by,created_at) VALUES(8, 6, '総額表示', 0, current_timestamp,1, 'AQOT03');
INSERT INTO "mst_u_generalpurpose_item"(mst_u_genpurp_id, genpurp_item_code, genpurp_item_name, is_end,date_created,created_by,created_at) VALUES(9, 2, '伝票単位', 0, current_timestamp,1, 'AQOT03');
INSERT INTO "mst_u_generalpurpose_item"(mst_u_genpurp_id, genpurp_item_code, genpurp_item_name, is_end,date_created,created_by,created_at) VALUES(9, 3, '明細単位', 0, current_timestamp,1, 'AQOT03');
INSERT INTO "mst_u_generalpurpose_item"(mst_u_genpurp_id, genpurp_item_code, genpurp_item_name, is_end,date_created,created_by,created_at) VALUES(9, 4, '無処理', 0, current_timestamp,1, 'AQOT03');
INSERT INTO "mst_u_generalpurpose_item"(mst_u_genpurp_id, genpurp_item_code, genpurp_item_name, is_end,date_created,created_by,created_at) VALUES(10, 1, '５０Ｈｚ', 0, current_timestamp,1, 'AQOT03');
INSERT INTO "mst_u_generalpurpose_item"(mst_u_genpurp_id, genpurp_item_code, genpurp_item_name, is_end,date_created,created_by,created_at) VALUES(10, 2, '６０Ｈｚ', 0, current_timestamp,1, 'AQOT03');
INSERT INTO "mst_u_generalpurpose_item"(mst_u_genpurp_id, genpurp_item_code, genpurp_item_name, is_end,date_created,created_by,created_at) VALUES(10, 3, '白熱ｲﾝﾊﾞｰﾀ', 0, current_timestamp,1, 'AQOT03');
INSERT INTO "mst_u_generalpurpose_item"(mst_u_genpurp_id, genpurp_item_code, genpurp_item_name, is_end,date_created,created_by,created_at) VALUES(11, 1, '掛', 0, current_timestamp,1, 'AQOT03');
INSERT INTO "mst_u_generalpurpose_item"(mst_u_genpurp_id, genpurp_item_code, genpurp_item_name, is_end,date_created,created_by,created_at) VALUES(11, 2, '現金', 0, current_timestamp,1, 'AQOT03');
INSERT INTO "mst_u_generalpurpose_item"(mst_u_genpurp_id, genpurp_item_code, genpurp_item_name, is_end,date_created,created_by,created_at) VALUES(12, 1, 'ＡＭ', 0, current_timestamp,1, 'AQOT03');
INSERT INTO "mst_u_generalpurpose_item"(mst_u_genpurp_id, genpurp_item_code, genpurp_item_name, is_end,date_created,created_by,created_at) VALUES(12, 2, 'ＰＭ', 0, current_timestamp,1, 'AQOT03');
INSERT INTO "mst_u_generalpurpose_item"(mst_u_genpurp_id, genpurp_item_code, genpurp_item_name, is_end,date_created,created_by,created_at) VALUES(13, 1, '有', 0, current_timestamp,1, 'AQOT03');
INSERT INTO "mst_u_generalpurpose_item"(mst_u_genpurp_id, genpurp_item_code, genpurp_item_name, is_end,date_created,created_by,created_at) VALUES(13, 2, '無', 0, current_timestamp,1, 'AQOT03');
INSERT INTO "mst_u_generalpurpose_item"(mst_u_genpurp_id, genpurp_item_code, genpurp_item_name, is_end,date_created,created_by,created_at) VALUES(14, 1, '仕入', 0, current_timestamp,1, 'AQOT03');
INSERT INTO "mst_u_generalpurpose_item"(mst_u_genpurp_id, genpurp_item_code, genpurp_item_name, is_end,date_created,created_by,created_at) VALUES(14, 2, '返品', 0, current_timestamp,1, 'AQOT03');
INSERT INTO "mst_u_generalpurpose_item"(mst_u_genpurp_id, genpurp_item_code, genpurp_item_name, is_end,date_created,created_by,created_at) VALUES(14, 3, '値引', 0, current_timestamp,1, 'AQOT03');
INSERT INTO "mst_u_generalpurpose_item"(mst_u_genpurp_id, genpurp_item_code, genpurp_item_name, is_end,date_created,created_by,created_at) VALUES(14, 9, 'ｺﾒﾝﾄ', 0, current_timestamp,1, 'AQOT03');
INSERT INTO "mst_u_generalpurpose_item"(mst_u_genpurp_id, genpurp_item_code, genpurp_item_name, is_end,date_created,created_by,created_at) VALUES(15, 1, '倉庫引取', 0, current_timestamp,1, 'AQOT03');
/*end*/
INSERT INTO "mst_generic_classification"(generic_class_cd, generic_class_name, is_end,date_created,created_by,created_at) VALUES('SHKB1', '商品区分１', 0, current_timestamp,1, 'AQOT03');
INSERT INTO "mst_generic_classification"(generic_class_cd, generic_class_name, is_end,date_created,created_by,created_at) VALUES('SHKB2', '商品区分2', 0, current_timestamp,1, 'AQOT03');
INSERT INTO "mst_generic_classification"(generic_class_cd, generic_class_name, is_end,date_created,created_by,created_at) VALUES('SHKB3', '商品区分3', 0, current_timestamp,1, 'AQOT03');
INSERT INTO "mst_generic_classification"(generic_class_cd, generic_class_name, is_end,date_created,created_by,created_at) VALUES('SHKB4', '商品区分4', 0, current_timestamp,1, 'AQOT03');
INSERT INTO "mst_generic_classification"(generic_class_cd, generic_class_name, is_end,date_created,created_by,created_at) VALUES('SHKB5', '商品区分5', 0, current_timestamp,1, 'AQOT03');
INSERT INTO "mst_generic_classification_item"(mst_generic_class_id, generic_class_item_cd, setting_character, is_end,date_created,created_by,created_at) VALUES(1, 11, 'Generic Item 1-1', 0, current_timestamp,1, 'AQOT03');
INSERT INTO "mst_generic_classification_item"(mst_generic_class_id, generic_class_item_cd, setting_character, is_end,date_created,created_by,created_at) VALUES(1, 12, 'Generic Item 1-2', 0, current_timestamp,1, 'AQOT03');
INSERT INTO "mst_generic_classification_item"(mst_generic_class_id, generic_class_item_cd, setting_character, is_end,date_created,created_by,created_at) VALUES(1, 13, 'Generic Item 1-3', 0, current_timestamp,1, 'AQOT03');
INSERT INTO "mst_generic_classification_item"(mst_generic_class_id, generic_class_item_cd, setting_character, is_end,date_created,created_by,created_at) VALUES(2, 21, 'Generic Item 2-1', 0, current_timestamp,1, 'AQOT03');
INSERT INTO "mst_generic_classification_item"(mst_generic_class_id, generic_class_item_cd, setting_character, is_end,date_created,created_by,created_at) VALUES(2, 22, 'Generic Item 2-2', 0, current_timestamp,1, 'AQOT03');
INSERT INTO "mst_generic_classification_item"(mst_generic_class_id, generic_class_item_cd, setting_character, is_end,date_created,created_by,created_at) VALUES(3, 31, 'Generic Item 3-1', 0, current_timestamp,1, 'AQOT03');
INSERT INTO "mst_generic_classification_item"(mst_generic_class_id, generic_class_item_cd, setting_character, is_end,date_created,created_by,created_at) VALUES(4, 41, 'Generic Item 4-1', 0, current_timestamp,1, 'AQOT03');
INSERT INTO "mst_generic_classification_item"(mst_generic_class_id, generic_class_item_cd, setting_character, is_end,date_created,created_by,created_at) VALUES(5, 51, 'Generic Item 5-1', 0, current_timestamp,1, 'AQOT03');
INSERT INTO "mst_ratio_classification"(mst_mkr_id, ratio_class_cd, ratio_class_name, is_end,date_created,created_by,created_at) VALUES(1, '1', 'Ratio 1', 0, current_timestamp,1, 'AQOT03');

-- INSERT INTO "mst_spl_destination"(mst_dest_cd,mst_cst_id,dest_name1,dest_name2,dest_kana,dest_shortname,dest_doc_name,postal_code,address1,address2,address3,phone_number,fax_number,mail,url,distributor_name,is_end,date_created,created_by,created_at) VALUES(102, 1,'destination name1', 'destination name2', 'destination kana', 'destination shortname', 'destination docname', '123213', 'address1', 'address2', 'address3', '12312', '123123', 'john@gmail.com', 'destsrc', 'destribution name',0, current_timestamp,1, 'AQOT03');

INSERT INTO "mst_cst_group"(mst_cst_group_cd,name,date_created,created_by,created_at) VALUES('10111','WIN BRIGHT',current_timestamp,1, 'AQOT03');
INSERT INTO "mst_cst_group"(mst_cst_group_cd,name,date_created,created_by,created_at) VALUES('10122','InStyle wedding',current_timestamp,1, 'AQOT03');

INSERT INTO "mst_billing"(billing_code, billing_name, date_created,created_by,created_at) VALUES(1000,'Billing 1000',current_timestamp,1, 'AQOT03')
INSERT INTO "mst_cst_base"(mst_cst_base_cd, mst_cst_group_id, mst_billing_id, name,jurisdiction, date_created,created_by,created_at) VALUES('10', 1, 1, 'Name 1',1, current_timestamp,1, 'AQOT03')

INSERT INTO mst_maker (mkr_cd,date_created,date_updated,is_end,mkr_name,created_at,created_by,updated_at,updated_by) values (1,current_timestamp,current_timestamp,0,'DAIKO','JMST18',1,'JMST18',1);
INSERT INTO mst_maker (mkr_cd,date_created,date_updated,is_end,mkr_name,created_at,created_by,updated_at,updated_by) values (2,current_timestamp,current_timestamp,0,'ENDO','JMST18',1,'JMST18',1);
INSERT INTO mst_maker (mkr_cd,date_created,date_updated,is_end,mkr_name,created_at,created_by,updated_at,updated_by) values (3,current_timestamp,current_timestamp,0,'PANASONIC','JMST18',1,'JMST18',1);
INSERT INTO mst_maker (mkr_cd,date_created,date_updated,is_end,mkr_name,created_at,created_by,updated_at,updated_by) values (4,current_timestamp,current_timestamp,0,'MAXRAY','JMST18',1,'JMST18',1);
INSERT INTO mst_maker (mkr_cd,date_created,date_updated,is_end,mkr_name,created_at,created_by,updated_at,updated_by) values (5,current_timestamp,current_timestamp,0,'KOIZUMI','JMST18',1,'JMST18',1);
INSERT INTO mst_maker (mkr_cd,date_created,date_updated,is_end,mkr_name,created_at,created_by,updated_at,updated_by) values (6,current_timestamp,current_timestamp,0,'YAMAGIWA','JMST18',1,'JMST18',1);
INSERT INTO mst_maker (mkr_cd,date_created,date_updated,is_end,mkr_name,created_at,created_by,updated_at,updated_by) values (7,current_timestamp,current_timestamp,0,'YAMADA','JMST18',1,'JMST18',1);
INSERT INTO mst_maker (mkr_cd,date_created,date_updated,is_end,mkr_name,created_at,created_by,updated_at,updated_by) values (8,current_timestamp,current_timestamp,0,'USHIO','JMST18',1,'JMST18',1);
INSERT INTO mst_maker (mkr_cd,date_created,date_updated,is_end,mkr_name,created_at,created_by,updated_at,updated_by) values (9,current_timestamp,current_timestamp,0,'TOSHIBA','JMST18',1,'JMST18',1);
INSERT INTO mst_maker (mkr_cd,date_created,date_updated,is_end,mkr_name,created_at,created_by,updated_at,updated_by) values (10,current_timestamp,current_timestamp,0,'IWASAKI','JMST18',1,'JMST18',1);
INSERT INTO mst_maker (mkr_cd,date_created,date_updated,is_end,mkr_name,created_at,created_by,updated_at,updated_by) values (11,current_timestamp,current_timestamp,0,'ODELIC','JMST18',1,'JMST18',1);
INSERT INTO mst_maker (mkr_cd,date_created,date_updated,is_end,mkr_name,created_at,created_by,updated_at,updated_by) values (12,current_timestamp,current_timestamp,0,'OSRAM','JMST18',1,'JMST18',1);
INSERT INTO mst_maker (mkr_cd,date_created,date_updated,is_end,mkr_name,created_at,created_by,updated_at,updated_by) values (13,current_timestamp,current_timestamp,0,'HITACHI','JMST18',1,'JMST18',1);
INSERT INTO mst_maker (mkr_cd,date_created,date_updated,is_end,mkr_name,created_at,created_by,updated_at,updated_by) values (14,current_timestamp,current_timestamp,0,'SANYO','JMST18',1,'JMST18',1);
INSERT INTO mst_maker (mkr_cd,date_created,date_updated,is_end,mkr_name,created_at,created_by,updated_at,updated_by) values (15,current_timestamp,current_timestamp,0,'NEC','JMST18',1,'JMST18',1);
INSERT INTO mst_maker (mkr_cd,date_created,date_updated,is_end,mkr_name,created_at,created_by,updated_at,updated_by) values (16,current_timestamp,current_timestamp,0,'TOKI','JMST18',1,'JMST18',1);
INSERT INTO mst_maker (mkr_cd,date_created,date_updated,is_end,mkr_name,created_at,created_by,updated_at,updated_by) values (17,current_timestamp,current_timestamp,0,'TOZAI','JMST18',1,'JMST18',1);
INSERT INTO mst_maker (mkr_cd,date_created,date_updated,is_end,mkr_name,created_at,created_by,updated_at,updated_by) values (18,current_timestamp,current_timestamp,0,'PHOENIX','JMST18',1,'JMST18',1);
INSERT INTO mst_maker (mkr_cd,date_created,date_updated,is_end,mkr_name,created_at,created_by,updated_at,updated_by) values (19,current_timestamp,current_timestamp,0,'SHARP','JMST18',1,'JMST18',1);
INSERT INTO mst_maker (mkr_cd,date_created,date_updated,is_end,mkr_name,created_at,created_by,updated_at,updated_by) values (20,current_timestamp,current_timestamp,0,'PHILIPS','JMST18',1,'JMST18',1);
INSERT INTO mst_maker (mkr_cd,date_created,date_updated,is_end,mkr_name,created_at,created_by,updated_at,updated_by) values (21,current_timestamp,current_timestamp,0,'BOSE','JMST18',1,'JMST18',1);
INSERT INTO mst_maker (mkr_cd,date_created,date_updated,is_end,mkr_name,created_at,created_by,updated_at,updated_by) values (22,current_timestamp,current_timestamp,0,'TOA','JMST18',1,'JMST18',1);
INSERT INTO mst_maker (mkr_cd,date_created,date_updated,is_end,mkr_name,created_at,created_by,updated_at,updated_by) values (23,current_timestamp,current_timestamp,0,'MITSUBISHI','JMST18',1,'JMST18',1);
INSERT INTO mst_maker (mkr_cd,date_created,date_updated,is_end,mkr_name,created_at,created_by,updated_at,updated_by) values (24,current_timestamp,current_timestamp,0,'NIPPONKOBAN','JMST18',1,'JMST18',1);
INSERT INTO mst_maker (mkr_cd,date_created,date_updated,is_end,mkr_name,created_at,created_by,updated_at,updated_by) values (25,current_timestamp,current_timestamp,0,'KYOWA','JMST18',1,'JMST18',1);
INSERT INTO mst_maker (mkr_cd,date_created,date_updated,is_end,mkr_name,created_at,created_by,updated_at,updated_by) values (26,current_timestamp,current_timestamp,0,'ERCOLIGHTING','JMST18',1,'JMST18',1);
INSERT INTO mst_maker (mkr_cd,date_created,date_updated,is_end,mkr_name,created_at,created_by,updated_at,updated_by) values (27,current_timestamp,current_timestamp,0,'OKAMURA','JMST18',1,'JMST18',1);
INSERT INTO mst_maker (mkr_cd,date_created,date_updated,is_end,mkr_name,created_at,created_by,updated_at,updated_by) values (28,current_timestamp,current_timestamp,0,'SOFTBANK','JMST18',1,'JMST18',1);
INSERT INTO mst_maker (mkr_cd,date_created,date_updated,is_end,mkr_name,created_at,created_by,updated_at,updated_by) values (29,current_timestamp,current_timestamp,0,'ISPEC','JMST18',1,'JMST18',1);
INSERT INTO mst_maker (mkr_cd,date_created,date_updated,is_end,mkr_name,created_at,created_by,updated_at,updated_by) values (30,current_timestamp,current_timestamp,0,'BEAMAX','JMST18',1,'JMST18',1);
INSERT INTO mst_maker (mkr_cd,date_created,date_updated,is_end,mkr_name,created_at,created_by,updated_at,updated_by) values (31,current_timestamp,current_timestamp,0,'MORIYAMA','JMST18',1,'JMST18',1);
INSERT INTO mst_maker (mkr_cd,date_created,date_updated,is_end,mkr_name,created_at,created_by,updated_at,updated_by) values (32,current_timestamp,current_timestamp,0,'SUGATSUNE','JMST18',1,'JMST18',1);
INSERT INTO mst_maker (mkr_cd,date_created,date_updated,is_end,mkr_name,created_at,created_by,updated_at,updated_by) values (33,current_timestamp,current_timestamp,0,'UNITY','JMST18',1,'JMST18',1);
INSERT INTO mst_maker (mkr_cd,date_created,date_updated,is_end,mkr_name,created_at,created_by,updated_at,updated_by) values (34,current_timestamp,current_timestamp,0,'DNL','JMST18',1,'JMST18',1);
INSERT INTO mst_maker (mkr_cd,date_created,date_updated,is_end,mkr_name,created_at,created_by,updated_at,updated_by) values (35,current_timestamp,current_timestamp,0,'FUJIKO','JMST18',1,'JMST18',1);
INSERT INTO mst_maker (mkr_cd,date_created,date_updated,is_end,mkr_name,created_at,created_by,updated_at,updated_by) values (36,current_timestamp,current_timestamp,0,'Vertex','JMST18',1,'JMST18',1);
INSERT INTO mst_maker (mkr_cd,date_created,date_updated,is_end,mkr_name,created_at,created_by,updated_at,updated_by) values (37,current_timestamp,current_timestamp,0,'FKK','JMST18',1,'JMST18',1);
INSERT INTO mst_maker (mkr_cd,date_created,date_updated,is_end,mkr_name,created_at,created_by,updated_at,updated_by) values (38,current_timestamp,current_timestamp,0,'NANIWA','JMST18',1,'JMST18',1);
INSERT INTO mst_maker (mkr_cd,date_created,date_updated,is_end,mkr_name,created_at,created_by,updated_at,updated_by) values (39,current_timestamp,current_timestamp,0,'LUCI','JMST18',1,'JMST18',1);
INSERT INTO mst_maker (mkr_cd,date_created,date_updated,is_end,mkr_name,created_at,created_by,updated_at,updated_by) values (40,current_timestamp,current_timestamp,0,'LUTRON','JMST18',1,'JMST18',1);
INSERT INTO mst_maker (mkr_cd,date_created,date_updated,is_end,mkr_name,created_at,created_by,updated_at,updated_by) values (41,current_timestamp,current_timestamp,0,'FLAME','JMST18',1,'JMST18',1);
INSERT INTO mst_maker (mkr_cd,date_created,date_updated,is_end,mkr_name,created_at,created_by,updated_at,updated_by) values (42,current_timestamp,current_timestamp,0,'TOKISTAR','JMST18',1,'JMST18',1);
INSERT INTO mst_maker (mkr_cd,date_created,date_updated,is_end,mkr_name,created_at,created_by,updated_at,updated_by) values (43,current_timestamp,current_timestamp,0,'OSUMI','JMST18',1,'JMST18',1);
INSERT INTO mst_maker (mkr_cd,date_created,date_updated,is_end,mkr_name,created_at,created_by,updated_at,updated_by) values (44,current_timestamp,current_timestamp,0,'GOTOH','JMST18',1,'JMST18',1);
INSERT INTO mst_maker (mkr_cd,date_created,date_updated,is_end,mkr_name,created_at,created_by,updated_at,updated_by) values (45,current_timestamp,current_timestamp,0,'E&M','JMST18',1,'JMST18',1);
INSERT INTO mst_maker (mkr_cd,date_created,date_updated,is_end,mkr_name,created_at,created_by,updated_at,updated_by) values (46,current_timestamp,current_timestamp,0,'TESLIGHTING','JMST18',1,'JMST18',1);
INSERT INTO mst_maker (mkr_cd,date_created,date_updated,is_end,mkr_name,created_at,created_by,updated_at,updated_by) values (47,current_timestamp,current_timestamp,0,'atex','JMST18',1,'JMST18',1);
INSERT INTO mst_maker (mkr_cd,date_created,date_updated,is_end,mkr_name,created_at,created_by,updated_at,updated_by) values (48,current_timestamp,current_timestamp,0,'YOSHICHU','JMST18',1,'JMST18',1);
INSERT INTO mst_maker (mkr_cd,date_created,date_updated,is_end,mkr_name,created_at,created_by,updated_at,updated_by) values (49,current_timestamp,current_timestamp,0,'SAIUNION','JMST18',1,'JMST18',1);
INSERT INTO mst_maker (mkr_cd,date_created,date_updated,is_end,mkr_name,created_at,created_by,updated_at,updated_by) values (50,current_timestamp,current_timestamp,0,'FLOS','JMST18',1,'JMST18',1);
INSERT INTO mst_maker (mkr_cd,date_created,date_updated,is_end,mkr_name,created_at,created_by,updated_at,updated_by) values (51,current_timestamp,current_timestamp,0,'louispoulsen','JMST18',1,'JMST18',1);
INSERT INTO mst_maker (mkr_cd,date_created,date_updated,is_end,mkr_name,created_at,created_by,updated_at,updated_by) values (52,current_timestamp,current_timestamp,0,'LUMINABELLA','JMST18',1,'JMST18',1);
INSERT INTO mst_maker (mkr_cd,date_created,date_updated,is_end,mkr_name,created_at,created_by,updated_at,updated_by) values (53,current_timestamp,current_timestamp,0,'KOKUYO','JMST18',1,'JMST18',1);
INSERT INTO mst_maker (mkr_cd,date_created,date_updated,is_end,mkr_name,created_at,created_by,updated_at,updated_by) values (54,current_timestamp,current_timestamp,0,'WATTS','JMST18',1,'JMST18',1);
INSERT INTO mst_maker (mkr_cd,date_created,date_updated,is_end,mkr_name,created_at,created_by,updated_at,updated_by) values (55,current_timestamp,current_timestamp,0,'KASAMATSU','JMST18',1,'JMST18',1);
INSERT INTO mst_maker (mkr_cd,date_created,date_updated,is_end,mkr_name,created_at,created_by,updated_at,updated_by) values (56,current_timestamp,current_timestamp,0,'ASAHI','JMST18',1,'JMST18',1);
INSERT INTO mst_maker (mkr_cd,date_created,date_updated,is_end,mkr_name,created_at,created_by,updated_at,updated_by) values (57,current_timestamp,current_timestamp,0,'ROYAL','JMST18',1,'JMST18',1);
INSERT INTO mst_maker (mkr_cd,date_created,date_updated,is_end,mkr_name,created_at,created_by,updated_at,updated_by) values (58,current_timestamp,current_timestamp,0,'PRINCE','JMST18',1,'JMST18',1);
INSERT INTO mst_maker (mkr_cd,date_created,date_updated,is_end,mkr_name,created_at,created_by,updated_at,updated_by) values (59,current_timestamp,current_timestamp,0,'TAKAMURA','JMST18',1,'JMST18',1);
INSERT INTO mst_maker (mkr_cd,date_created,date_updated,is_end,mkr_name,created_at,created_by,updated_at,updated_by) values (60,current_timestamp,current_timestamp,0,'MIURA','JMST18',1,'JMST18',1);
INSERT INTO mst_maker (mkr_cd,date_created,date_updated,is_end,mkr_name,created_at,created_by,updated_at,updated_by) values (61,current_timestamp,current_timestamp,0,'NEGUROSU','JMST18',1,'JMST18',1);
INSERT INTO mst_maker (mkr_cd,date_created,date_updated,is_end,mkr_name,created_at,created_by,updated_at,updated_by) values (62,current_timestamp,current_timestamp,0,'MASARU','JMST18',1,'JMST18',1);
INSERT INTO mst_maker (mkr_cd,date_created,date_updated,is_end,mkr_name,created_at,created_by,updated_at,updated_by) values (63,current_timestamp,current_timestamp,0,null,'JMST18',1,'JMST18',1);
INSERT INTO mst_maker (mkr_cd,date_created,date_updated,is_end,mkr_name,created_at,created_by,updated_at,updated_by) values (64,current_timestamp,current_timestamp,0,'FEELUX','JMST18',1,'JMST18',1);
INSERT INTO mst_maker (mkr_cd,date_created,date_updated,is_end,mkr_name,created_at,created_by,updated_at,updated_by) values (9999,current_timestamp,current_timestamp,0,null,'JMST18',1,'JMST18',1);
INSERT INTO mst_maker (mkr_cd,date_created,date_updated,is_end,mkr_name,created_at,created_by,updated_at,updated_by) values (65,current_timestamp,current_timestamp,0,'MODULEX','JMST18',1,'JMST18',1);
INSERT INTO mst_maker (mkr_cd,date_created,date_updated,is_end,mkr_name,created_at,created_by,updated_at,updated_by) values (100,current_timestamp,current_timestamp,0,null,'JMST18',1,'JMST18',1);

INSERT INTO "mst_spl_destination"(mst_dest_cd, mst_cst_id, dest_name1, date_created,created_by,created_at,date_updated,updated_by,updated_at) VALUES(1,1,'Destination 1',  current_timestamp,2,'AQOT03',current_timestamp,2,'AQOT03');
INSERT INTO "mst_spl_destination"(mst_dest_cd, mst_cst_id, dest_name1, date_created,created_by,created_at,date_updated,updated_by,updated_at) VALUES(2,2,'Destination 2',  current_timestamp,2,'AQOT03',current_timestamp,2,'AQOT03');
INSERT INTO "mst_payment"(billing_code, billing_name, date_created,created_by,created_at,date_updated,updated_by,updated_at) VALUES(1001001, '有限会社ｱｲﾃﾞﾝ', current_timestamp,1,'AQOT03',current_timestamp,1,'AQOT03');
INSERT INTO "mst_splr_group"(mst_splr_group_cd, name, date_created,created_by,created_at,date_updated,updated_by,updated_at) VALUES('11001', 'Group name', current_timestamp,1,'AQOT03',current_timestamp,1,'AQOT03');
INSERT INTO "mst_splr_base"(mst_splr_base_cd, name, mst_payment_id, mst_splr_group_id, date_created,created_by,created_at,date_updated,updated_by,updated_at) VALUES('10', 'Base name', 1, 1, current_timestamp,1,'AQOT03',current_timestamp,1,'AQOT03');

INSERT INTO "mst_property"(property_no,property_name, date_created,created_by,created_at,date_updated,updated_by,updated_at) VALUES(123,'Property Name 1', current_timestamp,2,'AQOT03',current_timestamp,2,'AQOT03');
INSERT INTO "mst_property"(property_no,property_name, date_created,created_by,created_at,date_updated,updated_by,updated_at) VALUES(445,'Property Name 2', current_timestamp,2,'AQOT03',current_timestamp,2,'AQOT03');
INSERT INTO "mst_product"(product_cd, mst_mkr_id, model_number, product_name,  date_created,created_by,created_at,date_updated,updated_by,updated_at) VALUES('000005', 1, 'Model_number_001_5', 'Product Sample',  current_timestamp,1,'AQOT03',current_timestamp,1,'AQOT03');
INSERT INTO "trn_quot_header"(workingsite_id, quotation_slip_No,quotation_slip_ver_no,quotation_date,delivery_date,construction_category_cd,construction_category_name,construction_name,construction_no,customer_base_id,department_id,user_id,tax_rate,    date_created,created_by,created_at,date_updated,updated_by,updated_at) VALUES(1, 'ABC',1,current_timestamp,current_timestamp,1000,'Hello A', 'construction name 1', '1000', 1,1,1,8,      current_timestamp,1,'AQOT03',current_timestamp,1,'AQOT03');
INSERT INTO "trn_quot_header"(workingsite_id, quotation_slip_No,quotation_slip_ver_no,quotation_date,delivery_date,construction_category_cd,construction_category_name,construction_name,construction_no,customer_base_id,department_id,user_id,tax_rate,    date_created,created_by,created_at,date_updated,updated_by,updated_at) VALUES(1, 'DEF',1,current_timestamp,current_timestamp,4000,'Hello D', 'construction name 2', '1000', 1,1,1,8,      current_timestamp,1,'AQOT03',current_timestamp,1,'AQOT03');
INSERT INTO "trn_quot_header"(workingsite_id, quotation_slip_No,quotation_slip_ver_no,quotation_date,delivery_date,construction_category_cd,construction_category_name,construction_name,construction_no,customer_base_id,department_id,user_id,tax_rate,    date_created,created_by,created_at,date_updated,updated_by,updated_at) VALUES(1, 'GHI',1,current_timestamp,current_timestamp,3000,'Hello G', 'construction name 3', '1000', 1,1,1,8,      current_timestamp,1,'AQOT03',current_timestamp,1,'AQOT03');
INSERT INTO "trn_quot_detail"(quotation_slip_id, task_id, line_number, maker_id, product_id, amount,quantity,   date_created,created_by,created_at,date_updated,updated_by,updated_at) VALUES(1,1,1,1,1,2000,5,   current_timestamp,1,'AQOT03',current_timestamp,1,'AQOT03');
INSERT INTO "trn_quot_detail"(quotation_slip_id, task_id, line_number, maker_id, product_id, amount,quantity,   date_created,created_by,created_at,date_updated,updated_by,updated_at) VALUES(1,2,1,1,1,1500,8,   current_timestamp,1,'AQOT03',current_timestamp,1,'AQOT03');
INSERT INTO "trn_quot_detail"(quotation_slip_id, task_id, line_number, maker_id, product_id, amount,quantity,   date_created,created_by,created_at,date_updated,updated_by,updated_at) VALUES(1,3,1,1,1,6200,15,   current_timestamp,1,'AQOT03',current_timestamp,1,'AQOT03');
INSERT INTO "trn_quot_detail"(quotation_slip_id, task_id, line_number, maker_id, product_id, amount,quantity,   date_created,created_by,created_at,date_updated,updated_by,updated_at) VALUES(2,1,1,1,1,500,25,   current_timestamp,1,'AQOT03',current_timestamp,1,'AQOT03');
INSERT INTO "trn_quot_detail"(quotation_slip_id, task_id, line_number, maker_id, product_id, amount,quantity,   date_created,created_by,created_at,date_updated,updated_by,updated_at) VALUES(2,2,1,1,1,7000,32,   current_timestamp,1,'AQOT03',current_timestamp,1,'AQOT03');
INSERT INTO "trn_quot_detail"(quotation_slip_id, task_id, line_number, maker_id, product_id, amount,quantity,   date_created,created_by,created_at,date_updated,updated_by,updated_at) VALUES(3,1,1,1,1,6000,102,   current_timestamp,1,'AQOT03',current_timestamp,1,'AQOT03');
INSERT INTO "trn_quot_detail"(quotation_slip_id, task_id, line_number, maker_id, product_id, amount,quantity,   date_created,created_by,created_at,date_updated,updated_by,updated_at) VALUES(3,2,1,1,1,8500,48,   current_timestamp,1,'AQOT03',current_timestamp,1,'AQOT03');
INSERT INTO "trn_quot_detail"(quotation_slip_id, task_id, line_number, maker_id, product_id, amount,quantity,   date_created,created_by,created_at,date_updated,updated_by,updated_at) VALUES(3,3,1,1,1,9200,5,   current_timestamp,1,'AQOT03',current_timestamp,1,'AQOT03');
INSERT INTO "trn_quot_detail"(quotation_slip_id, task_id, line_number, maker_id, product_id, amount,quantity,   date_created,created_by,created_at,date_updated,updated_by,updated_at) VALUES(3,4,1,1,1,1100,9,   current_timestamp,1,'AQOT03',current_timestamp,1,'AQOT03');

INSERT INTO "trn_po_header"(purchase_order_slip_no,purchase_order_ver_no,quotation_slip_id,order_status,sales_status,purchase_order_date,delivery_date,supplier_base_id,slip_type,consumption_tax_type,sales_tax_rate,contact_person_incharge,secure_flg,correction_deadline,destination_id,po_user_id,po_department_id,purchase_type,remarks,delivery_type,direct_delivery,direct_delivery_timezone,direct_delivery_designation_type,hertz_type,price_list,price_ratio,total_purchase,total_return,total_discount,total_order,total_tax_included,total_tax_consumption,purchase_order_amount,   date_created,created_by,created_at) VALUES(418123,1,1,1,1,current_timestamp,current_timestamp,1,1,1,1000,'高村　山田',1,current_timestamp,1,1,1,1,'件名明記にて',1,1,'',1,1,1000,10,25000,1000,500,25000,0,5000,20000,    current_timestamp,1,'AQOT03');
INSERT INTO "trn_po_detail"(purchase_order_slip_id,quotation_slip_id,task_id,line_number,purchasing_section,model_number,product_name,maker_id,product_id,unit_id,quantity,estimated_quantity,unit_price,purchased_quantity,amount,remarks, date_created,created_by,created_at) VALUES(1,1,1,1,1,'DBK-36569','ＬＥＤ足元灯',1,1,1,10,10,1500,1500,1500,'',  current_timestamp,1,'AQOT03');
INSERT INTO "trn_po_detail"(purchase_order_slip_id,quotation_slip_id,task_id,line_number,purchasing_section,model_number,product_name,maker_id,product_id,unit_id,quantity,estimated_quantity,unit_price,purchased_quantity,amount,remarks, date_created,created_by,created_at) VALUES(1,1,2,2,1,'DBK-36713','ＬＥＤ足元灯',1,1,1,20,25,500,500,500,'',  current_timestamp,1,'AQOT03');
INSERT INTO "trn_po_detail"(purchase_order_slip_id,quotation_slip_id,task_id,line_number,purchasing_section,model_number,product_name,maker_id,product_id,unit_id,quantity,estimated_quantity,unit_price,purchased_quantity,amount,remarks, date_created,created_by,created_at) VALUES(1,1,3,3,1,'DBK-36915E','ＬＥＤブラケット',1,1,1,15,20,2500,2500,2500,'',  current_timestamp,1,'AQOT03');
INSERT INTO "trn_po_detail"(purchase_order_slip_id,quotation_slip_id,task_id,line_number,purchasing_section,model_number,product_name,maker_id,product_id,unit_id,quantity,estimated_quantity,unit_price,purchased_quantity,amount,remarks, date_created,created_by,created_at) VALUES(1,1,4,4,1,'DBK-39748Y','ＬＥＤスポットライト',1,1,1,30,30,2500,2500,2500,'',  current_timestamp,1,'AQOT03');
INSERT INTO "trn_po_detail"(purchase_order_slip_id,quotation_slip_id,task_id,line_number,purchasing_section,model_number,product_name,maker_id,product_id,unit_id,quantity,estimated_quantity,unit_price,purchased_quantity,amount,remarks, date_created,created_by,created_at) VALUES(1,1,5,5,1,'DCH-38784Y','ＬＥＤシャンデリア',1,1,1,40,40,400,400,400,'',  current_timestamp,1,'AQOT03');

INSERT INTO "mst_splr_group"(mst_splr_group_cd,name,kana,rank,score_1,score_2,score_3,is_end, date_created,created_by,created_at) VALUES('11002','株式会社ｱｲｾﾞｯﾄ 大阪営業所','ｱｲｾﾞｯﾄ','A', '80', '88', '98',1,  current_timestamp,1,'AQOT03');
INSERT INTO "mst_splr_group"(mst_splr_group_cd,name,kana,rank,score_1,score_2,score_3,is_end, date_created,created_by,created_at) VALUES('11003','株式会社ｱｲｾﾞｯﾄ','ｱｲｾﾞｯﾄ','C','64','56','67',1,  current_timestamp,1,'AQOT03');
INSERT INTO "mst_splr_group"(mst_splr_group_cd,name,kana,rank,score_1,score_2,score_3,is_end, date_created,created_by,created_at) VALUES('11004','アイ・イー・エス株式会社','ｱｲ･ｲｰ･ｴｽ','D','65','33','45',1,  current_timestamp,1,'AQOT03');
INSERT INTO "mst_splr_base"(mst_splr_group_id,mst_payment_id,mst_splr_base_cd,name,single,phone_number1,fax_number1,is_end,date_created,created_by,created_at) VALUES(1, 2, 20, '㈱ｱｲｾﾞｯﾄ大阪営業所', 0, '026-571-8822','03-5367-9163',0,   current_timestamp,1,'AQOT03');